id,name
7063,黄丽玲
33230219,阿梨粤
13145036,傲七爷
12227865,阿YueYue
768208,AGA
12258420,AY楊佬叁
7122,阿肆
32959015,阿达娃
188558,Aki阿杰
1049681,阿细
167006,艾怡良
12184145,Akie秋绘
32289478,Ayi
34796357,安崎
7100,阿悄
48637040,Allmira
33115194,阿林
34418405,Aliya Mamut
34827063,AKA_wen酱
29023650,阿鸣
12090100,阿爆
48039471,A.U
46312481,爱唱歌的朋友呀
7095,阿鲁阿卓
7076,阿兰
30707272,阿七本七
53462267,爱跑调的小不点
12284179,阿米丢丢
12545667,安安
32856247,阿妹啊
36778240,艾北
13610051,Abudu-Music
33470408,艾柒
34465695,哎鸭芝士没了
12199577,阿颖不说话
12434960,Ayu语淇
51609493,爱吃香菜的羊
33095916,An沐a
51783799,Aismu
7138,安九
30000310,Asia D
49309195,Ada
7065,阿朵
12156061,AKEN
12156096,阿铭
7067,安又琪
13523532,阿荛
12461466,阿桐木同
49883365,Aurora-X
12228582,阿泱
46961942,Alice
53593406,柳絮
33909233,爱吃拌饭的星辰
29069829,Annelise Wang
7061,阿桑
52113027,Alice Perry
32898501,阿咩电台
12287013,Aster阿斯特
51503197,Franciso-Muz
48274330,Arashian
48264972,ARZV
36460155,Ayxamgul
47249138,安妮-上海
34054594,阿骦As.
27906669,阿两
51175206,阿福Fuzzi
50217228,AODION
32110541,ALLY李易臻
34602416,阿兮同学
49519208,Linn
53330733,asbellbb
7074,安琪
1073068,阿木宇梅
49608581,艾希
34894842,愛与紀元
32052909,艾诗雨Sherry
33029293,Azure蔚蓝
32424155,AKIKO桃子
33068228,安寂
12226859,ANNI.7
12120700,AUZ
35789986,阿玥只喜欢李心石
12170037,安溥 anpu
48353102,Almi-义
52407267,荷花
28632411,NoturSnickers
35134381,Accountcancelation
52675277,雅了个鸭
34594113,Akina
37257335,安心
32562836,傲寒同学
34096733,阿宣七二
46270016,阿迪拉·斯迪克
33837309,Adila Abliz
54319584,愛隬
49407256,Amji619
12195252,阿乖
33941285,阿D
33735496,Amrys Bulk
50336440,民有谣
36181946,不是花火呀
37616858,Bell玲惠
30955486,Bo Peep
961358,不才
34894393,爆裂菊是也
7169,比莉
12120174,Biscuits
51138607,蓓蓓
12853998,别网恋
34339501,北田共
49301899,BAE
48513018,贝卡
51444567,AA
53868060,Cecilia
12373146,菠萝赛东
31162354,白轲
34204446,Bethybai
36028162,不侵
48993912,不爱晚睡
894035,Britneylee小暖
54293688,哔哩哔哩音乐机
33289129,边靖婷
29265678,不蓝
52406261,eiko
7200,本兮
52674426,百川江柒
34825527,Brando
31356031,北宸
34539310,贝贝帅
32431951,Birdiee
32500554,庯川芁一（不川秋衣）
12200878,宝拉Bora
33356479,班措
12286063,不馋
30004655,白白白白柒
54124649,BonnieFox
7159,白雪
12103042,包包.suyi
46839776,发什么呆呢小吴
13037397,步束
28868296,白阿瑶
51743651,焦虑又沉稳的麋鹿
31317683,唱歌废物
34491100,变色喵IAN
13699496,不是黑籽儿
47467583,宝藏girl_栀海
31662039,闭文思
34422346,不是源源
12603258,白鹿
50735789,冰糖IO
36124807,白浅熙想嫁给周深.
7162,本多RuRu
12200907,BAMBOO
12236017,布丁丁
31148789,冰雪姐妹
48639878,BERTHILLON
33238835,百酒浔
46451926,褒姒
12314042,白桃Shirako
7191,白冰
31439421,饼饼Causa
50976927,BumBali
36147357,不要玫瑰
32972017,贝贝贝贝bae
1198154,不插电兮
54003108,不吃香菜吖
49193836,不吃香菜的啤酒盖
34158493,BowJu 爆珠
33812692,北亭儿
50499001,蓓蓓
34522634,波比
12579333,不萝
886208,毕夏
33820047,白允y
7158,包美圣
30545802,布纳纳
51099447,Lucky
51297925,白芷
30949808,白梓菲Byzf
28182645,冰镇豆沙君
36455854,BOZER
34344524,边巴德吉
52060002,温柔乐
53594450,冰美式
34855484,不致命的猫
28868499,不要杀我！
11973040,冰冰超人
7192,白安
1047427,白百何
34365329,小琪软乎乎
46510800,BLINKYO
34441319,飙尘
979080,拜尔娜
7175,巴哈尔古丽
34247084,白玉铃
29026686,白硕
7189,白若溪
13607399,薄荷er
12316341,包叽
31559439,鲅鱼辣椒
7214,蔡健雅
7424,程响
1007170,陈粒
7225,陈慧娴
12077204,陈壹千
7219,蔡依林
12789956,陈婧霏
7235,陈慧琳
31802946,程佳佳
7409,岑宁儿
31090384,陈老兮
12382970,陈雪凝
7220,蔡琴
49046111,陈觅Lynne
7217,陈绮贞
51560864,葱香科学家
7224,陈淑桦
223780,陈每文
7342,陈韵若
47248112,川青
1003026,茶理理
7215,曹方
12062098,丛琳潼elf
7244,陈洁丽
7227,蔡卓妍
7439,陈洁仪
12473800,超级橘子Orange
36775590,池鱼
34876884,陈娴静
12382064,陳梦嘉
7408,曹雅雯
30701997,陈恬Stella
189347,CRITTY
12797139,陈恒媛
13103035,灿烂
34324924,尘ah.
47061828,陈子晴
7486,陈僖仪
37094435,陈奕楠
7228,陈瑞
12475600,陈墨一
1172029,池年
973004,程璧
36567754,初月
7419,崔天琪
34158864,川上野
27730458,橙汁
31163114,陈慧颖
7233,陈明
12227509,程嘉敏
50867919,蔡子伊
7481,崔子格
7346,陈小云
7221,蔡淳佳
7371,曹芙嘉
7266,陈苑淇
861203,陈小熊
28303284,陈小满阿
37678181,赤羽
37257359,超爱喝奶盖
7264,陈雅雯
7298,陈晓琪
1079020,凑诗
12699916,茶玖
34368869,琛佬
13046127,陈忻玥
34198220,婼熙Camilia
7216,陈珊妮
10902,陈拾月（只有影子）
951001,陈梓童
32717474,陈旭辉-nn
7461,陈力
12064097,Cannie
32934444,川岛三离
12205212,池绛不吃姜
12085447,橙大蕾蕾
12131303,楚晴Jasmine Sokko
12600046,陈文非
34472436,ck曼曼
46962342,cherrymint
32433536,茶二娘
31964717,锤娜丽莎
12285433,次瓜锦鲤
50941207,cici_
27871683,草食考拉
7242,常静
28293809,弥生
7395,蔡文静
33267634,车厘子的车车
7265,陈洁灵
28070314,初月miki
12094297,蔡易欢
51884467,兔子牙陈闻静静呀呀呀
7647,陈嘉桦
49518956,Cozi zuehlsdo
33984273,翅膀
1049501,CANT太子
12280729,陈嘉盈
34536308,Chaey
7248,蔡秋凤
7570,邓丽君
33735716,大籽
12867228,戴羽彤
30285885,等什么君(邓寓君)
7537,邓丽欣
7535,戴佩妮
7538,戴爱玲
12206844,丁芙妮
12094290,D.Mao
34855685,蛋姐
32549343,邓园长
29026799,多多poi
46441438,DAWN
13642178,大神慧
52246121,弹棉花的小花
12937171,豆芽鱼（庄东茹）
28389406,段奥娟
33913096,点子
36706730,Dior大颖
31001495,逗仔
7591,杜婧荧
28186342,大柯
33571810,用户 1300324957
12158062,代诗琪
7600,邓福如 AFÜ
32048356,dollyy99
12226971,朵蜜天女JOY
10711,邓瑞霞
47371825,die for love
32613382,豆花儿
49009551,杜小灶
12084078,嘟比Dubi
7548,邓颖芝
33820476,DADOLL
7534,丁当
12084525,大笑
49407201,思意
47111149,刀小刀
12003141,黛米Dem1Fei
30476371,DAMiao
31962014,Dulcim_嘟奇玛
51994810,待宰的羔羊x
7544,董文华
7541,董真
54172642,DS酸奶
31657194,哆啦不是多啦
7542,戴娆
7620,段丽阳
47382706,段长昭
33853022,抖音热门翻唱
46668639,Diviner
12256483,DaisyCream
33320607,蛋哥
36617616,弹钢琴的余鱼
12079106,东京塔子
34150131,獨立小橋風滿秀
7540,德德玛
33910503,Dilbar Ababekri
30481284,邓千荧
7543,丁文琪
48569270,DJ水公主
29397692,迪丽娜尔
34313879,露露Lu1u
12078145,朵芊
7550,戴梦梦
12512089,丹戈尔
28432065,大冬
51842269,董书含
35125624,丁丽君
166033,丁丁
32888714,大鱼
7539,黛青塔娜
999451,DJ Soviet
51968205,带着钢琴去旅行
7549,杜丽莎
34158707,毒药
34349114,DaHua
48195262,电音小娜娜
51766139,姜乐柔
52436222,北辰
12085241,DoerChan朵儿铲
33800382,都叫我芹菜
33432472,DEAR璇子
12284199,灯芒
52505732,杜杜吃饱了
48134279,DJ· 音乐官方
14019850,德格达拥
7592,邓涛
12206672,Daisy白白
34357716,Dilnvr~
48277682,DJBAYWAZ
12306102,DaHee
168016,大山
49437109,门店音乐盒
7545,段玫梅
30217109,Duxiu
12259698,Deer洁洁
50483569,DJMUZ
46816866,DjNurali_Music
36402433,Dr.rikki
12923493,二胖u（王訫）
12327114,Ecrolyn
1081635,二珂
32747902,耳朵玥
9962,elephant DEE 徐熙娣
48038707,Ezhar_上海
12204053,EnjiA (魏恩佳)
53974476,Elena
12452989,Eq7i
12976783,二嘉
13037895,EinWil
12968708,星见茜Elodie
12288086,embrace.
52472969,Elaineylly
53775195,Ending
12099057,贰九九
12037036,恩雅NYA
33101366,Emily酱
34423403,Elin610
33441050,echo俊儿
35176298,EdSheerancj
34663337,二粒
36704131,Euirin攸攸
46777884,哦_是钱嗝屁
35415686,Elyas
34826913,琛
12184313,耳朵
33693590,诶嘿reiko
34600993,Ellie方紫薇
51280196,Elyn
50740226,Elhar
29397409,ek
31062121,恩 珞
53598252,Eliauk
12156206,二青
51351722,二黑黑
32436147,Echo-L
12224018,erdanBiu
31565042,Omoto
37184708,二希
27862793,贰茉EMO
52897712,MOE
30132795,Emiya G
48990936,ERIS
32574494,二爻
12133173,煜璇
31058901,Echotower
51528364,耳机又进水了
13701829,二丁
36283343,恩昔
53946784,Eill
48632038,Eve麽麽
36179841,echolovisssforever
46271468,Ericaca99
34310421,Enbo
34920528,恩星（心情盒子）
34358041,贰鸭
12046954,ERIKA
31570153,Emily-xin
36078069,Echo肉丸
12497468,二毛ERMAO
46767993,哦啾sama
37056499,二七eqq
31621236,Eico房奕悰
47307070,二十三
48986715,Eleanor_hao
49194870,ESLEE
13523636,儿绒Rong
32008947,Erinnn-
31662748,Evy音泠
30780488,Eiyi
32786812,二目鱼
7645,鄂尔佳明
12270158,二胡妹
36130097,東椿
46278449,贰十
51856974,桐月棂肆
50206757,Esil-kuylar
51532490,Eleanor Chung
1041100,二直
30286022,Evelyn-艺惟
31339948,二格_zzzoe
34468533,兜
32672769,贰7
33015972,恩恩
31084047,Ellieyyyy
52408441,鄂k_DJzzc
12277984,贰妍
33496365,二缺
48770554,ENO祁瀚七
12344943,Eve川儿
12286583,EEEEEcho
54092682,恩几
32462296,二笑
53180651,鹅鹅鹅不
35877855,Elena-艾琳娜
32432474,贰月の羊
30292413,EnMoon1
790026,Evin.柒
47607342,EchoDing
37060073,范倪Liu
7652,范玮琪
35309151,粉太狼
12172529,封茗囧菌
33202309,冯泳
34613873,傅如乔
34097025,F*yy
12173126,浮生梦tuzi
34171864,茯苓
12147185,冯心怡
7662,范晓萱
33796125,肥振华
29562931,范芽芽
12194080,方拾贰（方十二）
7651,冯曦妤
7667,凤飞飞
34050854,Fhi.a
35026656,凡清（Fanish）
7730,绯村柯北
12107534,冯提莫
12227492,Felicia蔡菲凡
12256704,霏箬
7668,方皓玟
12084330,风小筝
30107795,菲儿
7680,樊桐舟
51751218,房欣欣
47694624,菲利丝PHY
51993736,肥喵S
7653,傅颖
27728251,FYNial
31064222,樊梓妍
12782784,Fyn江眠
7654,方季惟
203162,方雅贤
51522108,FangXiaoMin
12271683,凡仔
51856419,废肆
33905805,傅梦彤Babyface
7657,傅佩嘉
12195835,绯歌
1183087,凡以三
27692352,傅菁
797269,方糖泡泡
7665,付娜
12565294,扶苏攻子
12057047,符白牙
33506421,Flavia
7713,樊竹青
12147214,Fancy
28293747,覆予
37342671,放松轻音乐
31220269,璠璠
7658,范文芳
50597400,饭角
12138215,付雪莹
50999667,FUFU
15196131,FI鳗鱼同学
12406862,范茹
53544680,芳菲
31345427,粉蒸兔头
34050727,凤来仪Flynn
51255330,福妖
7709,范琳琳
51138547,冯思婷
12205939,妃墨
7705,付梦妮
1050159,芳蓉
33850548,绯颜
53367990,绯叶明依
28417197,风菌菌
28869854,绯绝
7738,Finale
27693342,樊韵儿
48993544,fly
12258524,反返
36513215,Fab17
32008632,废墟
12108959,付春霞
12131582,方琦
1198048,风倾
32119728,疯树
47606568,F.s
33129908,Fuki
12382086,斐然筝艺
11974075,冯佳琪
29800009,方澄彬
7675,方芳
7661,冯颖琪
854750,方雪雯
52169929,泛轻舟
47248946,Fatima_tuhti
7691,方伊琪
34196943,冯蓝萱
46779072,扶摇摇
32091940,浮光碎
52888419,方晓晓
47755838,绯靥
223700,冯丽媛
46787411,非鱼
7763,G.E.M.邓紫棋
33850806,高睿
32829923,高鱼
7760,郭静
7768,关淑怡
7785,龚琳娜
12936258,果妹
7837,龚芝怡
35517812,国风引力
7777,高胜美
816358,高姗
7780,官恩娜
52874600,gnimsesa
14017398,Gifty
7834,格格
1213008,龚子婕JessieG
49406707,郭小姐
986035,葛雨晴
31057547,归期Tanya
28872996,龚芝怡
30702017,GG啵！
12359229,GloomyAngel 陈希桐
7767,关心妍
29596157,歌手Ada
51953770,高杰杰杰杰
7779,高慧君
31336401,干净
28390322,郭沁
51469189,高洁
7378,郭燕
7864,关诗敏
34442359,Gonaki
12606352,管莫书
7771,龚玥
12116169,甘璐
53922897,隔壁好女人
1049988,郭柯宇
28420086,Gfanfan
53868797,王吉莎Githa
30904449,古琴白无瑕
12097107,郭宴
31956953,高可意
7783,郭美美
12186013,桂莹莹
1061047,过又嘉
50932325,广西太空舱
51929540,高冷悍狒
7807,甘萍
7781,郭兰英
46558879,顾婉轩
53807057,孤梦悲兮
52473144,该月亮心动了
27869456,顾小洁
50346530,高兴
29938239,龟龟龟
1150075,关晓彤
12611793,格里特
7126,高维那
13523249,鬼岛
12118660,龟娘
34361454,公孙文
7866,龚淑均
37190358,郭欣渝
33426510,97
32429558,GUEss
7772,郭易
33068402,观药
33230483,狗崽崽.
8320,葛仲珊
53624020,顾婷婷
34272253,岗嘎措
12874872,高颖
33027236,戈桑玛
50493032,阁阁姐
7764,关牧村
31564780,故辞长作
12309137,高梦瑶
7773,关菊英
50931778,Guzalay Tohti
12172260,郭小萍
28863179,果酱ya
46269291,高子昀
31804123,观辰
7839,关颖
36402178,Gulbahar Rozi
7845,郭玲
28389489,Grace
7843,谷建芬
30647405,鸽子野
30292411,Gulbahar-Anwar
34235382,GK怪咖
12064011,顾时笙
1049250,郭妮
792131,鬼月
13537237,葛羽瞳
11999082,郭涛
820308,桂雨濛
12610265,古韵今声
34965943,鸽鸽鸽鸽手
32159640,咕咕栎！
8103,花粥
14077324,黄霄雲
1049179,Hanser
7890,黄龄
12308369,黄诗扶
34522800,火羊瞌睡了
8022,何曼婷
7891,韩红
12358435,很美味
14885023,花玲
7896,黄小琥
33545743,洪一诺
7907,何洁
7898,HITA
32570454,坏特 ?te
12664848,火晚晴
7901,黄雅莉
1021056,胡杨林
12098150,贺敬轩
33233126,Hattie海婷
7946,黄绮珊
31891427,黄静美
7903,黄莺莺
7912,韩宝仪
13908729,黄阿慈
52119830,韩思琴
27693474,火箭少女101
32621386,韩甜甜
14099603,花姐
7916,胡蓓蔚
7935,黄伊汶
33094639,黄梓溪
32172254,HeOneHe
8089,洪佩瑜
805488,胡莎莎
47841055,何村猪
12360098,Hero-R
7894,韩雪
12406501,贺子玲
12194463,画久
12070065,火西肆
31162547,花柒
34050508,化十
31081884,好多倩
12434635,米糖音乐
7920,何璐
12320646,含可爱多
13227448,何美延HAMY
32974232,寒柴
37632161,黄尧
12383659,黑猫
49354030,韩雨孜
52050882,幻想少女
34540410,韩知心
12147234,胡瑞特
12276714,胡靖雯
51472529,红红肖
7893,黄韵玲
7905,韩晶
50499093,海里
32712255,韩小九
8009,黄灿
7929,黄嘉千
32851313,海豚的孩子们
12539092,何杰玲
13151073,浣语
30482889,黄楚桐
35244054,黑芝烧
34617263,孩子我放冰箱了
8006,黄英
53437926,黄春玲
37408506,海卫十一HeavenEleven
48989214,Hedy-
52966275,黄晓玲
8057,韩再芬
33338375,花旦
53504519,韩沛颖
12675131,黄妍
33033230,韩尚霏
34595844,Hunting黄钰婷
8049,何绮雯
8017,胡芳芳
34269450,黄婷
12825497,黄星侨
53849804,欢乐的桃子
12291154,Himawari
7972,衡越
51969046,花花小弟
49503747,哈利波特魔法觉醒
7895,侯湘婷
46995316,Hookguy
7993,海楠
7932,何婉盈
12198390,韩潇Es
7964,杭天琪
34538450,哈利Halleeee
7931,胡杏儿
34827109,胡沫
29231172,黄念thinJ
1026069,花僮
30602367,ISYUL
1047209,IRiS七叶
51090077,kki
46778024,ii野鹿
34371563,Iris
12259015,InusI
13537270,IslandWind
50498805,iSdL
12275828,iiion
36931127,ILLANIM
12275356,Icey
46276243,Iris
32758594,InkLeona
53239041,immy_伊
28867788,廖智慧
12610227,Insano
12118507,Ice·沫子
46672853,Iaimchen
34291333,isxn
35138702,周雨娜
33204459,icey千树
36703588,兔伯
12490380,I-zony
35141338,IUaiyou-
32265189,i御十二
33341716,ID胖墩的墩儿
34749307,itskellyw
34830330,Ickiara
52252824,Is
34909004,itsyunnn
32430924,icerain
34437062,Icey.
32675955,IRENIE
12415043,ILL ROBIN安林瑶
48994976,icey
53721089,Iris Deng
32888298,Ice Queen
46389505,Itis宁言
49346170,IU的小跟班
34828154,Irene
52713335,itsboryn
990277,Iven
53410348,Iridescentyyy
50493210,Isdovn
50976144,谢伊烑
53177516,iumandy
35789479,Icecici
12280485,inin
33782069,nya
12200071,INYA
33909543,生命之泉
34399505,Ice陈柔冰
35008436,iamamui
50973855,ifeelgood
28291318,Irina66
36030119,if lin
12729692,Ibiza
34204493,iceurey
46893328,ID是某盈
36240783,煜安
49234748,ills
47962922,Iris J
49407515,小小星期八xxx
50735291,INKO
34441793,iSEVENi
12623034,iyo夏之
53480689,IceCongee.
46703028,iamrann
49815410,IS元宵
52237593,I754
34914899,死死
12328194,Irene李凯琳
36514141,ImEon
47703700,Ifand
54073320,Icys_
33612788,Iris S
46632354,Iris
12924332,Ivy文艺
52025775,ingen.
47300763,Imao ne
48991031,Ida
37552984,IiiKO
46277874,Irie-m
46628061,iis苏子
48632366,ibuprofen.
53288286,王烨玲
52815197,itsnoteva
51529154,IceCream
48992813,Ice
50133610,isyya
49138201,immortal小仙姑
46390811,ICa洛s
46508148,iawia
52409055,哼哼豆
31479423,Ivy Chou
33126478,INFI
12195512,Iris Chen
46668422,Ina_JY
48281221,ilkeshi
34412232,ICICLE超正经
893259,金玟岐
8151,金海心
37540088,蒋小呢
12277185,锦零
12373153,金渔
1071031,Jam
8153,江语晨
8259,金莎
1032298,鞠婧祎
12347360,JC 陈咏桐
32241534,井迪
48922363,Jale
166018,吉克隽逸
8163,江蕙
28291349,佳er
31148973,九姨太
8220,江映蓉
48574331,捡破烂的
12262634,季彦霖
8229,王灏儿
49600052,姜姜
12258990,嘉滢
8147,江美琪
31155300,Joysaaaa
36342220,金新菲
8281,金南玲
54124877,江旷
51592134,Jay
30959203,江意间
12204930,JMJ
12906625,姜没
32007801,九三
12578371,金天
12609574,Jannie Kyo
31058476,靓声
12092644,甲子Leona
8170,江珊
13699648,姜沉鱼
47188919,蒋芸
1097156,JUDE曾若华
8162,金池
13198341,珺锦Queena
31469442,陈凯咏
33041856,蒋笛含
12868912,江苹果
32079137,就是哈比
12130015,蒋一侨
8332,降央卓玛
8210,景甜
33341844,姜祀旖
1066136,JUSF周存
1108099,Julia Wu
34317865,酒禾.
34419454,今天星期六_
9154,瞿颖
31826118,JRrcccc
13058516,江疏影
46509124,竟然这么可爱
34783438,简兮兮
1015649,雷深如
32892425,金奕彤Kim$J
52812046,简单
14080319,九百九十五号
49394961,艽桐尧
37592432,姬小汀ya
12415091,Jinx周
46762767,江佳蓁
31659182,July-七七
30000937,何靓珊
53283781,街头转角遇到渣
12174386,九玖橙儿
37057103,江语
12078171,J.H.
12434218,见风kaze
12291207,金渽耶
15021242,叫宝宝
12039080,居里里
8159,蒋雅文
34396233,君若琳
12291690,夹＿zZ
34038527,九宝Zerone
12859049,佳利
12084397,江离
13909707,吉蓓Peggy
30292737,锦瑟
33850865,Jac
8164,蒋丽萍
12407689,九夏
12226807,蒋欣w
8243,金铭
12361498,Jayx
49858725,姜姜
47534712,橘猫烧鲷鱼
995003,净土Pure Land
34349165,堇不
34596146,简尼吃馒头
8234,蒋雪儿
33167112,江瓷
32571400,酒儿
33575579,江陵
12499721,Kirsty刘瑾睿
50275485,KKECHO
12003038,凯瑟喵
14018235,Kyra Zilver
53336851,咖菲
12194916,kidult.
8304,邝美云
29588256,KeyKey
33202342,Kim.T
51057101,卡布叻卡布
29238347,康妮
12410180,昆玉
12156273,酷癌KooEye
36624209,kiya
12579129,KaterinaRay
35424934,KokonAngel
37621459,KURO
49688114,kattie凯欣
15063419,阔落
8291,侃侃
34918896,可可cc子
36129986,Hazel
12371554,Kitmon
28300922,kie音乐
1047179,括号君
48922857,Kokoro-Igusa
50503826,卡带林
33204491,凯乐Kailer
12226365,KasaYAYA
12346106,K.A咔咔
12285557,Kinoko蘑菇
8298,柯以敏
49086171,kellomiiii
33781777,坤坤阿
50784488,Kayan9896
34469470,kumanoi
46495997,克斯o
12317681,卡西恩Cacien
12215179,Kenny Saxton
33020656,咖喱盖盖
13449811,卡门
32828490,咖菲
34469575,Kilig_蝶衣
33917007,克粒
34787569,KkBeaR
30284952,KCJIN锦
28868649,Kundie
12537403,K.ila
48643228,K.C
52505270,Kaliee
46325856,库妮珂
53337488,Kamei
49747405,况皓月
12264636,空雨233
51784601,可以亲吻你的手背吗
34749446,keii
12025179,颗粒
34202772,Killed by Moy
12276986,Keega
51346744,Kei Kei
49194514,Kirarin_沧音
52404854,酷酷
34248356,kana...suki!!·°✧
47602857,卡布小新
51925420,可莉森特
34514937,Kadirye Aziz/凯德丽娅
12052026,Kawin
189833,可歆
32900060,Kiana-H
33099045,狂野女孩
13153646,Kira
34319341,Kanpo
12605253,Koori冰鹤
12788387,Karen杨思雨
52736488,KTPRM
31336163,K1ttydog
13110849,Karencici (林恺伦)
30134944,克丽斯
8312,孔莹
12345189,箜篌引音乐工作室
36703294,KSLYX
34279419,KIKI爱娜
12198618,葵罗
32897542,KUKIKO
29865172,孔雪儿
31672818,孔艺弦
13449731,Kie Music
48273450,卡哇伊ACG
12025504,KANATA雪
29741195,阚清子
12293220,KOKI阿珂
47299378,空想
53310908,卡特斯Cactus
33914220,可可味
31958830,康恩同學
30416224,卡缇娅·乌拉诺娃
34797775,Keiko可口
34467987,KiRen爔蓮
12899782,孔祥怡
13284651,KALA
29588305,刘大拿
1172023,刘至佳
8326,刘若英
33259235,梨冻紧
8329,梁咏琪
8336,林忆莲
12405153,路飞文
30207301,蓝心羽
840134,刘瑞琦
8325,梁静茹
35136304,卢卢快闭嘴
8334,刘惜君
13113858,林宝馨
1155027,蜡笔小心
12195034,李尧音
28066477,澪恩Seiwen
1047282,泠鸢yousa
8330,卢巧音
906118,洛天依
28304831,吕口口
34330156,李浩然
8331,李玟
12205120,洛尘鞅_
8327,李宇春
8335,林依晨
8353,李翊君
8469,雷佳
784453,刘思涵
46617775,LÜCY
51468705,苦情歌主唱
28899411,刘人语
32952522,梁爽凉爽
12541056,泠风
8791,李斯丹妮
46424022,兰音Reine
8665,连诗雅
8344,刘沁
8391,刘小慧
31162519,LuluSweety
8851,刘美麟
1198113,李上安
8653,李幸倪
8345,李丽芬
1124151,刘柏辛Lexie
8753,李佳薇
8677,梁心颐
52504512,蓝倩倩QAQ
53743652,林初初
8678,李悦君Ericaceae
34283831,陆怡雯
12120088,李佳思
31250007,老涵本人
12038016,李瑨瑶
8378,李玲玉
32782394,Li-2c (李楚楚)
8358,黎瑞恩
33907588,李俊
8366,林志美
8627,罗震环
8377,李雅微
13608242,梨香JZH
32511011,蓝兰
8354,林慧萍
12996503,李昕融
896457,柳妍熙
32286118,LazyGuy
50483705,lazycaii
8725,林欣彤
34538249,L（桃籽）
8349,李谷一
32897193,林一
33810990,林怡婕
12532695,李莎旻子
1047014,林清弄
27695983,李思雨
53561843,老7
8687,林二汶
34489918,龙昱彤
35233948,璐爷
53679161,梁玉莹
34150014,L1VET..
8350,林凡
29596036,李如意
32813358,萝卜不爱吃萝卜
8434,雷婷
8364,龙飘飘
12142097,刘明湘
1197042,刘奕忻
704004,刘涛
34051066,柳不贰
8416,李殊
29588904,令狐襄儿
28303916,龙虎LH
12632289,李泳希
36456748,来自阿曼
13296071,洛依er
12270031,林小暗
12251048,李子璇
8837,Luvea
13450163,李哈哈
8926,莫文蔚
12085562,买辣椒也用券
9039,梦然
12373281,喵☆酱
8982,马吟吟
12037229,木小雅
12091129,孟慧圆
12769394,木秦
8918,梅艳芳
34290841,马越敏
12444171,棉子
12275337,MoreanP
12442955,Mochoc
8922,孟庭苇
8921,毛阿敏
35882063,美 梦 领 取 屋
33211722,牟凡
53349755,Manta
34307676,迷人耗子精
27730160,苗田雨
1049539,莫诗旎
31004642,麦吉_Maggie
8930,Maria Cordero
33876611,明歆悦
31003678,MappleZS
12172636,Metablue赛博蓝
8997,慕容晓晓
9026,冥月
32208271,猫瑾
33420520,Mia苗睿婷
9620,米雅
12275487,慕灼
8979,麦家瑜
48357207,米热
53620791,你所见即我所爱
8916,莫艳琳
49284637,孟静
13449678,魅子
12027415,Mukyo木西
36180611,moon tang
1048043,梦洛伊
46503875,墨应玮
30001612,momo
31093827,MayPiano
13972281,马马
33821053,抿抿甜
12868126,梦涵
28602869,木筏
48901674,明月社
53974443,美女与野兽网易云音乐
34328512,Moriah
33426043,陌雪
33576005,沐灵仙
8920,马郁
30956397,陌九
12288688,麦小兜
12112270,米白
30799250,米线Umeko
13197379,沐虮
649505,孟佳
33610582,miki_q
48989102,沐沐
37511789,莫舒雯
49510414,MoonkillEr.
27729988,墨三木
31958891,莫叫姐姐
12519665,Reigo_叉叉
46963211,沐柚
50274644,小美爱吃冰激凌
13151821,MAD
34294661,麦粒
31165411,Spica星颜
48352703,米果卷
47973106,万俟清商
33601912,魔尊楠哥
49317446,陌若
8992,末小皮
31224557,陌黎
12471491,漫夜星
9031,梦璟SAYA
34206039,梅里MEILI
28175517,毛省曈
8935,莫尔根
31250715,Mahire Teliwaldi
46420175,M.R.Y麦尔彦
12098023,孟美岐
49281388,咩栗
37467905,君胤凝
47193271,毛毛不插电
34390715,ms吗
49287311,沫沫子
50340723,米粒
12168152,Minto薄荷糖
34390863,Milchstraße
12280936,毛儿
47523304,Mussic
12460754,妙妙大王VislAnd
12258566,穆思舟
34230369,暮肆_Mousse
15193469,民谣歌手婷儿
12276375,NINEONE#
9061,那英
32042995,糯米Nomi
31990599,你的九儿
47059592,霓虹之后
52281531,依邦妮
50271712,糯糯糯糯栗子
34466666,你与六便士
47062376,南栖
31097027,诺鸽鸽
12140348,倪莫问
36024523,柠萌
12308136,纳豆nado
33460486,你的星冰乐
28602559,NanNan--
36029641,Nemokii
47914577,纳兰慧心
12308157,牛佳钰
34365448,Nigara Tursun
53830631,Nina
12193836,南措
52975644,楠楠
12085330,南偿
12092235,Nanyee.
31156285,娜美
52504339,ザジヘモ
46275085,Niko
36451281,Nndrea
34335649,Nada_韩璧彤
12235406,Nyx_R
32892945,南清Rreq
51575449,娜依
33298660,No Birthday
34489400,Ncha
49803479,娜娜吖
47196719,柠柠柠奈
12303384,奶叔SHu
34438729,你的上好佳
12797149,南语
50047998,奶酒
35197148,你灰87
33102908,奶油
35120612,Nene郑乃馨
33400898,聂香_Yuki
35248138,南思鸭
12198934,南岐
687013,聂薇
36247465,倪敏
52171401,南柯
47192974,NoName
9066,南妮
9081,宁静
14114694,nidex
48678728,NL
50149647,聂可以
52226447,13c°
12471613,牛欣欣
33985195,南案
46393546,努力冲滴三er
1089157,柠露
49345502,Nigel
47063201,南葵
32463676,你的啾榇儿
30940203,暖暖
51792967,循梦⁴
12259618,凝羽
12266167,Nanaka
30949477,念七
51937550,你好可爱
31658384,念暖
30216987,南曼玉
49456714,Nover
13448138,念慈ParE
48678598,Naive
53644047,难桃
50736192,南国猫觅海
32433348,年糕酱鸭
31369104,南柯柯
34337335,奶酪AmerUzily
13110370,念白
31514819,NancyYeeee
54276254,y楠想开le
34447312,你我的水宝
51825647,Honey peach
34078081,南允
48274805,南乔晚风
52313490,nnxx
34621967,ninini
51765623,NK（小鱼干）
34361335,南悦萝卜
52054410,娜娜木
33166408,南时叙
33440869,Nancy刘诗杨
34759772,纳兰苏苏
34315822,南方
49675092,NoveZn
1132458,宁梦恬
37675237,Nian-糕
12199847,聂思诗
51226637,古宝
13451731,欧阳耀莹
1087140,欧阳娜娜
9090,区文诗
53093667,s0ph1
9094,Olivia Ong
46669389,Orlin澳琳
49397660,Official Music
52403643,欧阳凝雪
32712837,Orange刺猬
9103,欧阳菲菲
33710072,ONE STEP
47352049,Obsessionodengdeng_
53098832,皇甫圣华
32519509,欧智卓玛
49803696,ooillk77
33397967,欧阳朵
30481290,Omfavn
32536958,Osrina
12282636,opalnosa
47599485,欧丽萍
28182478,Oh_MacyLin
34747938,欧奈SUN
52738924,偶尔
48199622,欧阳曼曼
49788670,区子琳
12964108,Ondo
34230935,OhSori
50059248,O.TREE
12266666,O1ye
12101093,On1ynn_
12128462,OhhWinnie
34597580,欧小阳
46318385,可可酱呀
12053011,欧姐
52038822,OlSS
33583907,Ony
30953424,欧盈伽
34783598,o泡绮崽
53159279,脆脆鲨
35516151,okaynini
37552391,Okey.
46839660,One Wish
34864388,欧阳冰凉
32009401,O2_O某
32008630,欧阳正敏
48203955,obsivia
37513661,奥利豆豆豆
54273407,omimimanny
51765998,船长Müßïç
49317981,ooh同学
32607198,欧肠
53804190,欧圈圈
12418310,藕片坊主
30643569,欧尼
51226477,藕粉
52629275,ODD
12120415,O.M.GAGA
46771646,区区在下
53704053,ooshan
36857564,Once懿
12623848,欧派姬
1047438,欧阳夏丹
50562051,OnE.
52253929,OhYounger
53243817,getdexterouttamymind
49347525,奈梓zi
52973473,每天都好困好饿
48129195,Olivia 苏苏
54368693,oLLiang
12084543,Oysocean
47294774,oolong_tea
14857180,Only6ghost
9087,欧倩怡
9100,欧阳雪
12924208,OP1.Production
47038905,欧元
37593121,欧阳焰云
33850812,oranzz
37133880,OiOi
34294559,cocola
33527144,OmnisChoir
34968152,沢雾野Sakino
34512260,Olivia Hon
52069430,乐桃
32914740,oUu
49303835,OkoK
34827139,欧阳北北
53331237,欧尼
34136243,Only以惜
47061822,Outlier乔燃
46673522,Olive猫
46499928,欧阳春晓Aurora
48888533,One Tea
34535385,o0狐狸包包0o
52408135,oublie le
34828052,欧耶
33067448,谢思嘉jia
36392969,瓯陽佡兒
28025248,欧阳珊珊
1050255,OnPound
30644200,彭席彦
9102,彭佳慧
9106,彭羚
31961393,胖虎（董欣怡）
9109,潘越云
11975104,Pig小优
46895478,泡芙酱
9104,潘美辰
29896571,潘韵淇
9108,彭丽媛
9112,彭家丽
32856695,平生不晚
9119,潘儿
9105,彭芳
13284199,Pi-re
30004231,胖虎小姐姐
30780306,彭十六
37257506,Patigul Husayin
28067056,Terin桃桃
9126,潘辰
30689233,潘羽恩
13145174,菩提Vicky
50654410,品梵先生
12025431,朴逗比
9131,彭雨菲
34747369,pip
31955252,翩跹梨兮
9114,潘虹樾
30616577,潘悦晨
51122082,PPKIN
9147,浦琦璋
50435189,platinumbbbbbbb
46995395,皮绿绿Lei
34354460,Peggy
46802303,潘虹
28864154,purple J
36027639,Pariha-Mamat
33786434,Patima Mamattursun
12204777,彭沛绮
48496634,彭远涵 Phyllis
52400799,屁屁酱
36778445,Po
32602316,瓢三爷的小喇叭
34595172,派美眉
12464910,潘果果
15200311,葡陌
54320209,佩佩
52966500,痞子可
48987156,pop音乐热搜榜
49987083,泼墨寻欢
12271600,噗嗵咚咚
53684130,裴去病
12419984,潘佳杰
12563301,PPeng书朋朋
47062973,苗艺瀚
9132,彭青
33070406,破特特
34362161,裴艺呢
46277535,帕姆
49141777,琵琶古津宁
29392701,破冰
1088115,Padalecki小明
53622332,Pinky T
9121,彭海桐
30547025,苹果
33787113,脆桃桃
37006335,Pistil.歆
12027183,Peach K
33261236,派星儿
12662498,趴熊
12523504,潘紫妍
37700302,潘倩倩
35227464,Poppy张冉
35234896,胖小迪Yan
32952554,栖一盐
36912408,朴小白Maackia
48352649,平安小财娘
33129388,翩翩LY
36567809,泡芙芙Scarlett
54382164,瓶盖子
54409135,泡面加蛋
1019016,潘小芬
12184028,passの伤痕
33129320,朴er
50974056,彭竞萱
36523390,Pezila Sadir
32934943,Pear小梨
1043485,彭筝
1199054,瓶中船Hiraeth
51294632,普拉普拉提
36459591,PromiSe彭S
33751329,胖鼠子
33015663,胖磊磊
54074244,琵琶锦
9118,潘军
12266020,P1AN
31721325,潘多拉不是艺名
12194913,潘卉琦
47382307,屁桃儿
12132190,PINAR
48790581,圈圈菌
9203,戚薇
12419710,曲肖冰
31314612,浅影阿
9167,齐豫
12291562,Quinn葵因
30378281,七元
12084352,漆柚
30703921,湫词
33018111,浅绯色的喵
9156,裘海正
14588611,戚琦
33412088,圈妹
12052075,蜷花仕女
14017426,晴二
189577,祈Inory
54346574,七喜
32572025,七色鹿
34538452,清水er
12293819,钱润玉
12111209,千月兔
33114933,齐欣雨
13642185,球球
34744579,曲祁coooolki
33320857,江予桐
35057881,七夕
34464373,亓尔
52437191,裘丹莉
51472970,茜茜
34344893,乜秋秋
12071053,齐悦
1049443,祁紫檀
1046506,晴愔
51707135,千禧
52807985,邱雨萱
1043310,千界
34742307,卿月怀
53263649,锵锵蛋
47062748,停留在十七的位置
30381775,下雪了吗
203172,秦岚
12108537,庆庆
50570011,Wendy Anderson
31254468,qinsana
12108564,圈9
52327639,其实
47467866,琪大妈
12094734,清风至
49085268,秋子
32870272,柒韵霜
9197,齐栾
46356058,七水Lena
12285030,秋仁
54184892,七喜
12183312,晴小瑶
12344246,七叶草
49336423,敲敲晚
13867076,清予SeiYo
34575778,杞梓.
13109228,齐可馨
1015636,千年破晓
47196924,千渡
46417251,Q酱
13681634,轻墨安源
32683244,切茜娅Chelsea
30644986,青稚m
52241544,桂花Auntie
28864015,晴几IKU
30544448,倩倩1204
53925833,秋风再起
12092076,千是
35418935,乔钇悸
34290275,清会_Tsing
12235202,绮落
34470095,亲爱的疾风
49308496,祁屿川V.
12258093,QQQkyou
34673853,芊狸koi
9202,曲丹
34595101,抢饭不佳菜
34179438,千湛
48083009,青海花儿
34494809,清风徐徐钢琴曲
31367339,骞骞
31014542,千澈
33859866,权廷
28865148,浅情
52146065,青临
12537585,秦凡淇
51753091,気化颜料DNK
36292691,乔然
33863607,清寒
35022912,晴柠柒
33202844,秋木
46357677,七点水
12085248,秋镜归
52540810,七濑薰
34580775,浅安时光
53942304,Qian.
32542405,姜玥
9255,任然
9269,容祖儿
47912279,Rom邢锐
1054159,任素汐
31960592,RU
36289199,Rukiya-Ahmat
12390061,任舒瞳
34337756,壤壤不在吖
13286226,阮言Ruany
12172496,阮豆
1087826,阮妍霏
34423310,瑞子
15193350,RITA
31573582,容云
31253756,任玲辉
14119064,芮雪
35416526,Rex阿红
53512110,XGPRMI
29266018,任子沐
14713124,REGI陈彦希
9438,任家萱
12853142,日光(Petite Jing)
9236,任静
34636860,Rua
12092032,ReDbuff
33778448,RUNCII
9242,任月丽
34202454,R!CY
12118670,蕊蕊蕊蕊！
46272210,热孜·宝
31002509,软懵
12383874,任媚爽
49339158,茹rue
46415421,人间帅比突突突
1192130,Rita黄汐源
47189014,是我呀卡司宝贝
35828274,若汐
9225,芮恩
34365658,Rayila-Alim
53852384,入野自由
35425020,Rony丁若依
34373293,Reyna
33762408,揉揉酱小提琴
53826205,茹今
13152957,染lafier
13701779,若南寻
30003802,Roshen Abdurahman
46437371,RealEstela
51942632,Rvkiyee
12609543,冉尘瑶
50408559,RukiyaMijit
30110375,任敏
33240353,冉染
32291261,Ran.Z
54076006,蕤蕤蕊
12184707,茹雪
48460420,热汗古·斯迪克
12292313,Ru1-J
30128225,Rizwangul-Eimam
1083010,Ramila_Rozimamat
37507854,热血小狒狒
29032249,Rok
48816987,热汗王
12304590,糯米RiiM
47962957,若雨
27729976,任晚宁
53100002,仁增卓玛
50151121,热桑梅朵
48514193,Rising Beat
1004100,RE
1070055,renyi
12969923,R.E
29265378,R.EA_智衍
29588235,RuruC
50938064,Madi-520
12077045,染音若蔡
12432960,Rarpid望江晴
46510482,壬壬壬w
49196443,冉然
49332650,Raziya-Yasin
34599602,如沐月中
34512579,ririりり
51591700,JinRiYuA
33259938,Rei9
1153007,若菲飞
34381462,Rizwangul Tursun
35789305,Rosalind兔兔
37131949,Raina
32743681,若比
13449578,如月梓
12292655,Radella
34136226,Rainie小雨粥
46276467,Romy
50394314,瑞瑞
9250,任桂珍
34747449,绕指柔_
36289211,Rayila
50434869,Ramok
30002372,Relax酱
12199069,hwt
46966451,苏星婕
9272,孙燕姿
28863695,司南
12025552,双笙（陈元汐）
32674400,是二智呀
47528044,Sasablue
29051250,Seredris
1056002,三无MarBlue
954154,孙盛希
29802127,单依纯
30700959,Superluckyqi
28175491,石白其
9270,萨顶顶
12184568,SHARK卫彬月
9274,苏芮
12459252,宿羽阳
31158685,史一
34634932,缩肥鸭
32750845,十豆彡
9276,尚雯婕
9292,孙露
1193259,苏运莹
34330154,SWAGGER
31880229,石玺彤
37510480,six nine
32725601,苏晗
9278,宋祖英
1049025,孙羽幽
991182,珊爷
35168386,师硕晗
30471229,宋雨琦
9286,斯琴高丽
12270224,柿崽
10089,司夏
33786739,什么琪
33796005,拾贰
34208819,鲨鲨
36701857,sevenone
33837455,Sylvia
37077708,孙萍
9976,宋佳
9275,苏慧伦
12292130,Sawako碎花
35950608,Sail
9455,少司命
32541650,苏以北
48918667,早上笑到自然醒
34749872,是二哈ya
48772596,苏扭亏
36626222,SNH48袁一琦
1051004,宋茜
46557000,什么都浪漫
48718707,四夕雨日斤
12109219,孙瑄阳Xtina
50691405,苏星捷
32920981,宋姗珊
53098907,society
31343926,岁禾
46524438,Sulatwaz
12904131,Simyee陈芯怡
50723428,赛琳娜洋娃娃
51129288,张梦雨
34371297,是小灵阿
51395587,时光流逝
9273,顺子
32711687,单子玹
37533599,沈温妤icy
30093274,Sunnee杨芸晴
9294,孙悦
46858420,丝绸之路之声Yipak
9282,孙俪
34054680,神婆
12256838,水冰火星
31521324,SNH48许杨玉琢
12262344,珊姐
9398,上官红燕
47130278,树木
1050241,Sophis
32055861,萨吉
53464009,StormBorn
12105057,苏诗丁
12277871,十八薰
12156072,ADÀI宋黛霆
47126162,深巷酒馆的余音
12603658,孙语赛
13035128,苏妲己kyra
32499498,苏流西
33202533,是耀温順
9352,邵夷贝
12552554,Selina华
33913409,苏四
9454,沈春阳
48044350,酥羽梨
53831016,是佩琪吧
34538232,斯居居
30002228,苏晓晓
12003134,三畿道
29865317,斯丹曼簇
30284927,说说Crystal
34744230,十月
1193004,唐伯虎Annie
9489,谭维维
53705295,偷了月亮的猫
1081556,TetraCalyx
9548,田馥甄
33016984,TINA
12386867,桃十五
36735715,桃子A1J
12138012,听洁
33400936,藤柒吖
9504,汤宝如
9488,田震
34257164,Taooyy
12440107,唐倩
29069534,兔姬
9566,Tacke竹桑
31624559,天草
14312156,田颖
9491,谭晶
50723711,ᴏʀɪɢɪɴᴀʟ-ĸ
34171733,添儿呗
48571409,郝老板
53559319,神彤
9487,陶晶莹
47127811,桃心ss
31953808,桃ki
14810161,童珺
12025066,陶心瑶
46957493,thc777h
12291208,汤成君Jun
5271,檀烧
30476233,腿腿Jo_Asen
12287907,兔子ST
9565,糖妹
12002114,Tino.S3
12487185,谭松韵
34512591,透透扛不住
33749473,彤妹儿儿儿儿
53545713,青洋啊
30001791,童童的粥
32244951,唐梓夏
1158005,唐艺
52973851,秋天
12286071,桃李不言_
12729775,T!ANA
52633087,Peach
33104276,唐筱优
1094178,汤晶锦
49233337,Tamam763
46787448,碳儿_bts
29235073,婷婷吖
997001,兔裹煎蛋卷
52139800,兔兔
51578415,甜心格格
14077177,田如一
9585,汤晓菲
30293438,桃子卿
1148003,陶晶晶
9494,童丽
1086017,唐媛【汤圆】
30134529,瞳荧
28175969,天然卷夏祭
53286724,tontoppppppy
51000241,Tuble
1020090,Tie Yann（铁阳）
9519,童欣
29234383,Tatsu不帕
35299905,甜醉儿
52260493,土豆子
34437816,糖水炖王八
33528146,TansyStar星星
34911347,棠霜icing
9520,唐丹
9493,汤灿
12319401,荼夏
30217240,图小图
12025620,Tiya Manson
12238015,田子晴
34970099,苔达
33242540,兔幼Checky
47914652,潮汐破坏
12128740,桃子在发芽
52435169,桃发发发
30281437,田木子
28066728,檀岁
46702749,童可可
9486,汤旭
47131987,踏雪
9572,徒有琴
30701478,Taty-Tate
33871359,TursungulKadir
12265750,拖haii
12204446,踏声涟
33094816,T羊
12119495,田蜜Zetah
12319085,唐茉
9527,谈莉娜
31150709,听说是涵十六
34550332,唐西锐
13909094,Tiger王千万
34593320,ukakakaxxl
36288729,UnicornPhantom
47293107,UE
36147841,unlock
51906394,uui
32208979,Uu
50597933,Uki雨奇
46443248,Ulbosin Kenjebai
12194868,umida
36648816,Uyghur Girl
12919099,URii
34744806,Utoaix
51054886,Uu_楠楠
34820339,uu
37616805,UGAIMUSIC
47524229,UyMusic6-19
46721383,U炸鸡米花
14312053,Una
30891403,Uka Yeung 楊倬翹
33426935,Uni珂
51489006,UUMI
12454739,uglyman
46777426,Ugly Ghost
33371838,Ukulele娟子
46830546,Utopia-zjy
36927895,Uaehua
34149954,UliwPanda.
52796214,Unee
31155535,UKEYZ
12699819,UU
34637218,Universe小宇宙
35079088,Unicorn D
51619262,unknown加
53184528,Uue
36233592,Uzeeto
34601584,una巫娜
46586330,Up_Mirror
14299485,Uma
52474054,UzNova
35012730,Uniooo
30004325,UMI
35655545,un1notyours
47136805,umi
34532924,UNICE
50058671,鰻魚丼
47308803,Umi
32809338,U.K.
46396868,Uaena-恩娜
30003579,UniyiTng
51924306,uniko
51048691,ulugbu-kurban
12277051,UzizZ
51449785,u酱
53570689,Uzume_舞紫梦
30705299,Ushio-x
34310226,UNX-VOICE
52632608,Una 优娜
49234798,urjyfhgc
47523695,UnknownY
34146565,UU小仙女吖
49456693,阿鱼
30783236,Uki(ゆき)
46423161,uian
48822110,Unique·yi
53410595,unnioo--
34920349,Ulricar
49746041,Uu.
50206566,UrSoulRichbabe
37090579,urnot小未
53094861,uni_HAKE
33426674,Umii悠米
27871786,Uosann
14585508,ui7ang
33909848,unfloyd
34645441,Unsweet昂思维
54091225,una大七
34317857,Uki77
12193468,U_M猫
49144843,Unnax_
28868481,UltraAheng
49406593,U付
33850299,Umi
53779357,東山靈蛇
51392795,UU
53807390,泡面
51832283,Unay-Hi
53181442,uu
31155544,UU切克闹
48351857,U_Lll
51591823,放火艺术家
51471021,UnRyu
54201171,Uya
34514368,Unicorn.
33751519,U Su 1_2 0 1 9
50256224,U阿烟
47058552,Uan又安
34442370,Una-二树呀
53468167,uu
53242651,Universe||F.
46997129,UAN
12001060,Vinida (万妮达)
1038099,VaVa毛衍七
33097213,Vicky宣宣
48674519,妥协
29951251,Vtaeat文轩
12441210,Veegee徐若侨
35423964,Violin花儿
32264339,ViccyC
28300550,v哔哔v
12461021,V.Vanna
35653875,violin琪虹
34542413,Vicky
36564236,Veena
12215141,Vvvina
12371248,Vicho
51609700,VKS7
28184489,VII七
34199132,Valyn慧媛
34317453,Vivien微
29069612,v诗婷v
35729439,vvvicky
52156217,快快不会丢
12195602,VitALanKi
12183553,Vieeee
33581515,Vear薇哥
33897273,VC.蛋饼
53360444,Vee落
31147519,Vwhy
35138996,VINKI-小黄
12913138,vein ✡SumidaRiver
34178530,vvviga
46697916,Varlar
47777727,ViVi-崽崽
14925547,veezai
46396080,Vicki崽子
36779663,vIcKy TsE
12317656,王艺楹
36171951,Vrogat·D
12317064,VeraJae
12126333,v唱小游v
51034378,Viviaaaan
1194069,Valerie_银元
34616845,VioletWei
34447245,VibeKnife
33106138,Vivye丁雨薇
12227460,v!!!ncent
31089334,Vi_ggi
46528177,VING
47823499,Vani
35731961,VOC小咸
35247416,Vivien L.
35955045,viEee
32550758,Vampireee
27695916,Vising_拼图
35512997,VIMY.K
37257528,Violet
34500955,VV久
46528828,vv同学
52085742,Valentine
32681496,Victory小胜利
34129665,vanim
31148599,Viola巧克
50888719,Viever
1194036,vvseven
12969146,VICKY杨颜菲
47758431,vera桃夭夭
50133740,V_TIME
28301090,VI艾雯
50708626,VIVI
12489271,Vanessa Tinberus
54002066,Vinci-达芬奇
33984683,李丹婕
50515883,VvNF
46955395,Veronica
31649218,Vera Chai
35066431,Vera Qi
51428692,Veibae
33893272,Vickey Rae
34347940,VICKY墨翊
34595413,v小v
46496205,Variance万凇
48044797,v鱼尾木巷v
47963831,VikyCool
12059132,VALENTINA赵胤羽
51826264,vv巧克力
51468737,VvvVvV小熊
53621101,violetonthemoon
53184554,vver
37253355,Vinnie
34402757,Veeyie
52504977,Vinnie涵子
12317547,Venturous.
32889049,VIVI呐
34290648,Vocllum
33800762,Vee
33470797,Vayne
12553718,Veronicababy
52438469,V姐爱音乐
32711735,Vee.C
12266769,vitaxdolce
14312549,王贰浪
9621,王菲
9606,王心凌
27871957,王OK(王澳珂)
32980337,旺仔小乔
52400403,薇薇
9605,卫兰
9615,吴雨霏
13282198,闻人听書_
9604,王若琳
9808,王胜娚
12048239,王梓钰
9612,温岚
30649136,我是张怡啊
35495821,王靖雯不胖
9609,魏如萱
12390184,王天戈
33056279,吴嘉怡
33995829,王雨桐
12232132,王唯旖
13056968,吴映香
9766,巫娜
9629,卫诗
9682,吴琼
1160094,万玲琳
34143046,喔喔
9881,汪小敏
13581257,王理文
34433129,我是土豆
34522228,温舒娴
33603794,汪珂楠
166009,吴莫愁
9613,娃娃
9780,吴若希
48631904,王小草
12276904,汪源
36191255,无名之爱
12002038,忘乡
14925277,丸子菇凉
14079277,唯子
9611,万芳
12968787,王澳楠EVE
30285508,王玉萌
9622,王蓉
9823,魏新雨
31048397,尾巴Viola
13128032,王大毛
51472760,Wwd_J
53121088,吴益红
9646,王芷蕾
9765,王笑文
53869222,歪特小羊
9668,王婧
9608,王菀之
9750,万茜
53544429,王艺wy
12797890,吴奕妤
12001221,歪歪歪
34390996,WillOw
28102388,魏奇奇
12020027,魏诗莹(Wishbao）
12258611,王金金
1156082,王若熙
9633,王馨平
805419,王诗安
13009181,朱恒锐
13285015,王淘沙
954037,汪睿
31087384,五归
9774,王蓝茵
48203925,挽君
13038382,温野
1046249,吴汶芳
9635,乌兰托娅
13288939,五毛
12871122,王艳薇
12916020,汪晨蕊
9929,吴琼
33203115,雾岛孟川
34244816,王淑霖
34642650,王一只
9656,韦绮姗
9838,乌兰图雅
168003,魏语诺
37585857,汪思佳
12185714,王欣宇
9607,王筝
12083041,未必
53360857,夕夕
46936829,Wenasa嘉雯
53595237,晚安梦里等你
34236205,温晴
47453486,Wenny筱雯
53620655,w
9687,王麟
33985193,丸药
9722,吴静
51392644,吴妹妹
9624,汪明荃
32541884,伍珂玥
9940,徐佳莹
9945,萧亚轩
9952,谢安琪
12408182,薛黛霏
1192268,小霞
46961650,小蓝背心
9939,弦子
12079173,小时姑娘
12037181,徐海俏
1039895,谢春花
29393616,小凌
10142,玄觞
9944,薛凯琪
9943,许茹芸
9968,徐小凤
33842529,西罕
9942,许美静
9941,许飞
13288117,小星星Aurora
33786772,小匆匆
9950,许慧欣
9954,徐怀钰
12270806,杏仁c
9951,辛晓琪
792806,许靖韵
32431990,奚缘
51610356,Elizabeth
14072349,解忧草
30802803,咻咻满
978026,徐薇
31663214,小阿七
34373473,薛八万
12568026,小白羊HUSH
14930127,熙月月
9947,萧潇
27871544,小嘉玲
12532848,小潘潘（潘柚彤）
30773719,小高天天想peach
12198674,小奶瓶
35238693,肖涵
32887494,西洛卡
29581171,小眼鑫
12472506,习谱予
48423165,行崽ou
10049,许秋怡
49607105,欣妹
12046092,星尘
10141,小爱的妈
48718406,欣欣喝奶茶
28071453,XY大甘蔗
35057132,夏了个天呐（朴昱美）
33412734,小可
31721486,小天才鸭
34420232,小班圆妹妹
10081,萧风
12236592,校长$even
12214058,小居居
34390221,小羊好饿
33298460,小咪Misir
189961,许多葵
27730696,西彬
28175326,Xina
33800576,徐梦玲Joe
9963,徐千雅
30285373,星华
34277064,嘻嘻琳
9946,徐若瑄
12236114,夏璃夜
12084089,熊子
33136121,rosiell
33435443,星月酱
52047137,Dilnar~
29023386,夏野Natsuno
49694284,Xx
9959,香香
12308198,西二
36763349,小茹同学
9957,徐洁儿
12912275,芯竹XENZU
1015287,小五沉沉沉
9971,小雪
48822039,心碎小1
36810283,欣然丫
28304068,小郭雨儿
1085035,心华
34826356,徐心愉
12919057,星葵77
48416200,雪奈
12084011,雪霏岚岚
12403118,徐歌阳
9938,许哲珮
50740001,心灵之谜
905476,夏婉安
34289666,稀
48916158,星萤
12454829,熙宝(陆迦卉)
51576130,幸运FM
32888580,小念姑凉
13705038,夏雨菲
49089067,小黑吃CD
36032190,yihuik苡慧
35187624,叶琼琳
10204,杨千嬅
10200,郁可唯
12316248,尹昔眠
188565,银临
33694141,一支榴莲
10199,杨丞琳
31051426,杨胖雨
10473,袁娅维TIA RAY
10209,叶蒨文
12262303,于果
1026105,印子月
30476029,于潼
34787967,一颗狼星_许篮心
12149035,叶斯淳
12798895,于贞
33950005,宴宁
33212613,悦开心i
34303489,一一
30109622,妖姬
28416044,野小马
816248,于文文
34493156,袁王月
31571835,袁小葳
29999237,丫蛋蛋
49828212,炎明熹
981005,云の泣
1039314,叶里
32954246,Y.U
30914421,于梓贝
31468621,虞书欣
29026951,椅子不够酷
1158065,宇西
10412,云朵
50253392,轶心
10198,杨乃文
10203,泳儿
49293918,余不不
10197,叶蓓
30704897,Yusee
31055052,ycccc
12065133,以冬
37456353,御小兮
52411965,原来是萝卜呀呀叶艳
12104051,颜妹
30616590,一口甜
34827343,乐栖谷
36722049,鱿籽酱
33927570,一玟
12441086,于冬然
10238,叶丽仪
1154070,虞姬
12186038,叶炫清
34754062,银河系长
10371,姚贝娜
1102240,乐正绫
36780647,野生王菲
30958369,虞万殊
12271646,郁欢
983028,言和
34532558,杨淳
10206,杨钰莹
10202,元若蓝
10368,杨紫
50928068,鱼幼微
12282385,谣君
1137021,杨凯琳
34622137,姚淳淳
34616284,琰琰
10221,杨林
13112713,郁一凡
31083549,壹拾九
33106934,余超颖
47250394,尹露浠
975482,燕池
37509419,悦耳动听
13182070,阎其儿Jill
10348,杨沛宜
31681224,喻言家
12109163,愚青
10245,袁凤瑛
35243745,云汐
12215102,园园
51329215,柚子姐姐
10367,杨幂
12124043,杨默依Moi
31657207,鱼大仙儿
10219,央金兰泽
12350725,于晴
31055120,YANGHAHA
12664439,希林娜依高
34096728,羽先生_89
1160080,杨紫怡
14469397,乐思言
29023886,乐小桃
32946997,一只伊
36519595,Yan.
50574566,叶珍
10396,应嘉俐
10562,张韶涵
12213291,张叶蕾
1024308,张碧晨
10572,张芸京
12157330,周星星
10558,周笔畅
10559,张惠妹
12195788,芝麻Mochi
10561,张靓颖
31136991,粥粥zxr
10750,曾轶可
10577,周慧敏
32068576,张德伊玲
10571,郑秀文
12023202,赵方婧
10557,张悬
12279635,祖娅纳惜
10594,甄妮
12085066,ZIV
12969327,Zkaaai
12292708,周思涵
14588567,张晓涵
12071014,周延英（英子-effie）
29397237,邹秋实
33613818,泽典
1053026,曾惜
12175349,张钰琪
10607,祖海
10589,张蔷
1006061,赵晨唏
10566,卓文萱
12258760,灼夭
10763,曾沛慈
27725882,昭爻tsuki
10580,郑融
12063092,邹念慈
10578,张玉华
10569,周蕙
33008145,张馨月
10879,张晓棠
10582,朱婧汐Akini Jing
33126799,赵栖兑
1217008,曾雪雅
33174146,张宇佳
13226442,张小斐
12760882,纸砚Zyan
13972037,赵露思
34439348,张大蕾
12204244,张婉清
12164067,赵宥乔
12303399,赵乃吉
1146112,曾婕Joey.Z
12441367,詹雯婷
33527397,ZheN
33397447,张柯骛
51484444,杨杨小
10583,张含韵
10587,郑怡
54156322,张大炮
10584,张柏芝
10585,张也
12084518,执素兮
12092376,张子薇
15022168,张紫宁
30547841,泽旺拉姆
31569994,张诗莉
10875,郑宜农
33577055,祝一可
37207396,朱婷婷
53898081,张佳音
29588671,杂草怪
31803102,Zivy_唐子惠
12312068,周洁琼
10579,赵咏华
10782,郑欣宜
51450202,曾倩
10564,张艾嘉
10563,周迅
35602296,贞贞子Jess
10593,赵学而
33609642,周林枫
12119310,执纸大魔王
51883468,小团团小团团周怡伶
10595,郑希怡
12971184,张韵鸷
1058190,左颜
34317852,Zoya-Amat本人
1063107,子弥
35304392,邹月莹
34199410,之之是林之之
14711154,子芮
47472108,钟芷晴
11995107,周冬雨
12579290,赵倘若
54175611,紫薯花生酥
947234,朱主爱
12128010,ZER0
34613596,Zakiya晴子
961055,周玥
32169776,郑丹妮
31564455,1个球
34468449,轶
30689272,670
51839662,3wing2
54298394,呆怀里
52975379,鱼
52881460,9iay
36671876,21.
12285372,9m88
48570057,ANBK
52313264,怡
46594916,3Moon
34307064,坠
46633227,☞小名.簧山♡
33139136,岛
34354679,2Clan
31148207,浩然吖
12306055,-萤川-
34555277,711
50735604,秋子、
12120718,7An
37308229,苍穹
13450967,-Lil Marron-
34497366,_十四君_
53597430,泪
49193991,隳
51590839,3364927
13152143,大雅
12189025,Ａyo_LvLv
1081508,杨爱瑾
51743752,可
51956971,澈
28413550,如梦令
35169285,氡
12262033,9妹
53095665,6月17日天氣晴朗
34922852,_FF
52794691,静
37339881,2soon
52629099,渚
12309166,7姨
12064150,辻
13860151,京
29797671,卢苑仪
53216668,Hsvv-
46896173,7
51611105,风
12118463,柿阿柿阿
12967955,樹
32789436,又降乌云啦
52243726,1
53998337,-夫人
12281389,007
31081769,叶芷睿
12788261,朱文婷
52737065,97月月
8359,刘芳
50424726,9CHENW
53480716,陈
13910276,-然北-
48195529,婷
49308288,橘子_Oct
12272245,红
27910657,拥
12216165,-熙小云-
33575065,@
47190806,7嫂
36989709,尹颂
13154107,沈熙
12217098,_吕豆腐
52968414,7-7妹
12227176,_Roxy花花
37262677,李沁怡
34601549,@晴宝儿
34136672,こいずみ桃黎
52504896,￴￴￴￴￴￴￴￴￴￴￴￴￴￴￴￴￴￴￴￴￴￴￴￴
12228509,-赖柳-
34519684,鱼
12937113,王琴
37005735,_逗逗w
13183018,-染涩工坊-
36824858,萱不败
12564927,黛黛
29840171,郑心慈
30378647,7GO
29785928,高秋梓
46522858,孙灜
32291741,_瑾ya_
49596574,_北风眠♡
37318182,D thing
12396024,-毛毛酱-
53160854,00viW12
12284053,Chouniwai
30373223,23luxury
33168646,_赋卿歌
34244651,頔
37457856,Kiki
37467114,周噗噗er
1184069,扬
36148045,折
1203045,艾热 AIR
30116848,阿冗
29235210,Aioz
31093891,阿虾
12174057,艾辰
12198387,艾志恒Asen
1198010,暗杠
12127564,艾福杰尼
30709773,Abdulla Abdurehim 阿不都拉
1876,阿杜
12367021,AlimjanHasan
1087200,AThree
12259037,AniFace
31559518,Alaric的窗台
12461889,安朕宇
12288442,AnsrJ
12002184,AR刘夫阳
34821168,AREZ
33347494,阿彻
27729325,AnimeVibe
12200490,阿云嘎
1012032,艾岩
33914952,Arkin-Kiram
28387245,安筱冷
30379539,ALisa
51177007,Azap
46360428,Alexandra
1158046,A-Mac
1881,阿木
31093298,阿'Quan
1132222,AbduwaliTohti
46441717,Alston
51609786,錒坤
13200360,aZi
12133059,哀四杏
28638705,阿斯巴田ASPT
34373745,Adiljan Zaynidin
30116428,艾克斯Dragon
2422,阿鲲
802016,安来宁
34497720,AnwarTurak
36404838,Ade
33527804,ali habar艾力
36617333,Arkin abdureyim
12967573,艾菊KonA.
12025486,Ablajan Awut Ayup
34001567,ASM
36695635,ABLIKIM
12020017,阿克江Akin
1877,阿牛
37092361,Aini
1875,阿信
187295,Assen捷
12481743,Aech洪文豪
50787333,Aloha_BZ
32251287,阿光
27725293,Alfar-MutalliP
48568460,安德
13012223,ANY安伟
12537035,仁辰
1879,安琥
48768902,M.D
12875936,Aisin Gioro_康熙
48276920,阿安
35234177,Ahmatjan-Ebrayim
29392509,AEolus阿一
51840019,按时睡个觉
12626202,ABbbb君
33909395,anwar hakim
12079186,Al Rocco
33164701,阿禹ayy
50799520,艾来提
50150161,A叉烧DJ
727015,何官锭AL
12663935,ACThree333
1058073,Alimjan Tohti
34335898,安大仙
27726953,爱喝柠檬茶的喵
12038158,Abdugini Ablikim
33842931,AD钙
860734,艾索
53519678,en先生
964311,阿良良木健
12157281,阿祥
36519554,AA
46356380,阿超
33911094,阿迪力330
1196052,俺酱
13112634,AhmatjanEli
12287118,Ayo97
1158079,Abdusalam Akbar
12056022,阿睿凌霓剑裳
35946228,AZ啊之
12259217,allenvee
37191208,Abdulla Music
35080757,Abdusalam
12496722,ABDURAHMAN
34335285,AkbarDani
29580855,Arafat Enwer
34512445,AMax
32645255,暴躁的兔子
12138038,BT07
31876221,柏松
30109388,贝乐虎
12227290,BigYear大年
12493701,布瑞吉Bridge
13791519,bbbluelee
12464053,巴音汗
2066,伯爵Johnny
31962859,不知名选手Au
12356407,白小白
12059049,Bohan Phoenix
34633032,半吨兄弟
1047238,白挺
46818709,沐辰R
31229236,不够
33576363,B.T.M
12056024,Birck
32675488,拜德盖Viigho
33322228,BOY
36290882,Bater official
37005737,巴鲁斯
12084497,宝石Gem
909029,白举纲
12094558,Buzzy
53868839,冰冷杜
12373037,Babystop_山竹
50424727,bins
14016562,Bahtiyar-Tayir
37553787,B2$
31915294,BlackDD
12999040,BigM大明
31310265,BlackC
51130553,不知名网友y
1085053,变奏的梦想
28415531,不成风
48277407,BOBBYNOPEACE
37704232,Redamancy
30955739,白玉扎西
53480452,江隐七
51930184,悖论
37466591,卑微少年煞星
12523451,BrAnTB白景屹
32438711,冰冷端
31094049,布朗尼
52049163,BnZeE
46495758,不如诗啊
31008744,白鸿
12057030,Big Daddy
30132672,BigBird大鳥
12303072,辫子余
51297934,百酷哪吒
51289644,白米饭
12041068,白敬亭
32617538,Betray
14807229,八口8uck
12204289,白宏哲
13006186,巴邓顿珠
47062212,Alex_
13907045,brokeboiishawty
34577457,Bandage_RADI8
33069166,不二宸
31881551,毕然
34199516,BaoUner
12357533,冰幽
36181457,BOND-邦
37189491,Bilal-Uxxuk
34559500,北斗小七
12275235,白止
51925203,bilol~bt
13058488,卜凡
34645576,饼饼BingBing
13058487,毕雯珺
33997464,呱呱华
31513840,白诗
1084207,白亮
12091076,白宇
12020026,柏凝
12459820,巴金旺甲
30405247,半阳
33702350,Bilal-上海
53645389,冰冷天
12284195,爆音BOOM
46748776,泊尔
1048054,Braska
30001054,Badago
34280560,不称职歌手
33871442,拜非凡
46441990,识尚（Music）
37624004,北玄.
32891684,白一阳
12085017,BLOWFEVER
816079,薄彩生
13609662,BabyWay
12259146,Black.Key
893256,棒三狗
37265858,白子航
36683790,Born alone
12292005,Bill.Lee
50000799,白沢
2116,陈奕迅
12193174,Capper
2112,陈小春
2127,陈柏宇
28083351,CORSAK胡梦周
12157336,CMJ
963431,陈致逸
34172520,C.HØPE
12932368,蔡徐坤
1058228,陈鸿宇
1159101,c0de731
34489282,迟里乌布
29234568,陈亦洺
12286056,褚晨茜
32550470,曹雨航
12700520,CJ 周密
32973587,陈大本事
2115,陈百强
2110,曹格
2124,陈楚生
28602303,陈阳
30437389,Chanlex
12174110,崔开潮
12276430,Cubi
30377220,陈麒名
12519065,程安
14608268,Corki刘宗鑫
33191836,cv初恋
12131566,CLOUDWANG 王云
12147170,澄海伯伯
189955,蔡翊昇
2122,陈冠希
2118,成龙
2117,侧田
35188030,辰啊辰
33937972,CashTrippy
1084178,Candy_Wind
32720055,Crazy Donkey
2331,陈翔
2201,陈势安
13681463,崔铭珈
1142012,Cole先生
1140028,承利
12095299,陈柯宇
47971578,潮音轩sir
31252052,春野杉卉
13056440,陈立农
33697021,曹杨Young
33394182,陈志林Mega
34318335,陈越龙
12185665,C.vo
35603471,纯音乐馆
33950085,承桓
12965836,超星男孩
854358,陈令韬
2121,蔡旻佑
48636050,川子
48637873,陈柯霓（CHENge）
33711050,CFrie木焱
33390699,潮音铭帝
12490206,Credit
52808196,c03
13447762,陈亦云
12538488,Crazy Bucket 陈楒潼
31052925,川屿
2133,陈奂仁
2150,陈冠蒲
33908640,抽口Choco
50449264,辰辰子
12079044,陈硕子
12434106,陈尤利
2130,蔡国权
2291,陈艺鹏
33320567,苍弟（半吨兄弟）
34589586,陈知远
2294,陈光荣
34918869,Cheng橙zzzz
33238413,陈智凌
29414807,陈冬霖
2111,崔健
51255935,陈文杰的音悦
51879758,陈洪超
35022283,陈钰羲
31093206,Cas14
963409,陈学冬
2164,陈伟霆
48922494,陈烈
12177051,C.A.R.L
30000267,蔡耀轩
31055,Cee
28900329,辞九学长
2153,常石磊
1038074,茶茶
2125,陈晓东
34318343,Cc椿
12193309,CREAM D
33123519,潮音锦式
12936319,Charlie
2147,陈旭
1149014,厨房仔
1143033,队长
53092750,REDBOI
12060040,杜宣达
12333145,DP龙猪
13027753,等一下就回家
12760523,董唧唧
12146142,大壮
2517,刀郎
33211729,抖音热歌DJ
33426947,呆呆破
12308485,dylanf
28083231,邓典
2516,迪克牛仔
12965215,邓典果DDG
35784564,弹壳Danko
12185299,电鸟个灯泡
12050038,DJ阿福
12304113,大布
12059017,大能人(雷智皓)
12236265,Dobi
2524,大张伟
12270100,大喜
51497923,鹤梓渊
31051672,DJR7
30600467,DJ刘超
31626589,大笨
791534,戴荃
12077048,Darren达布希勒图
33908350,DEITIES
12306430,邓壬鑫
12120169,狄迪（D-DAY）
30285100,段弋
12054456,董又霖
33204635,DJ野马
12039199,邓见超
35244973,DJ KAI
52151509,韩建周德玛西亚
2569,丁可
2522,杜德伟
37334509,FarAty
2515,窦唯
51922166,sakura
12001195,DiESi
33837450,达芬奇
30292679,DJ·less
29265558,邓岳章
30477866,DJ老鹏
49407514,大白鸽
896942,冬子
49407714,电音任瑶
12894239,丁世光
2514,蛋堡
34663536,DJ可乐
12433758,倒悬的橘子
1203015,Dough-Boy
47827285,Dogman道格曼
12292356,灯灯灯泡
12114249,大D(DLyn)
51212752,豪豪是小憨憨
52957814,达苏
12064126,DjYaha
13908765,大C
5532,大Q秉洛
1197118,大宽
30129493,德吉老爷
12250324,DJ马哥
34538324,DopeZ
51131605,DJA乐
1043290,DENKI SAMA
31060560,Doggie
31959837,DjSoRunSaz
51212377,K7
33842509,DripLuv
12052013,杜子异Duzzy
188681,大鹏
1195065,丁丁RaJor
671001,东南
37673422,DJ韬
12699917,帝听sakya
12204127,DouDou
34310301,DJ何友
12497226,DryJo
54247856,第九片海
34634704,Dark
37503236,旦佬仙森.Music
12083412,BadA$sole
31051841,Double呆
33990099,Daniel One
36022578,道雀Bzz
34373900,Dox Main 潇潇
12037259,DoubleC大宝西
32887094,独钟花臂彦
12568985,DJHO
36567047,东东
1087662,董昱昆
52897367,DJQI
52244266,DJ川渝
27728399,杜航
32172259,Davin大文
12183330,笛呆子囚牛
36336854,elijangupur
47607639,贰万
896894,贰佰
11514,二手玫瑰
1085108,哦漏
13296269,Evan李韩宇
33710200,ETIRAZ99
12077223,E8r
1145001,恶梦Yk
51138420,East_Xy_Pale
12873652,Eskender-Uxxak
36031227,恩赐
51654190,将北
30225764,Eal7 NS
12118563,也是福
34402661,EMPTISO
46589112,Ezhar-Music
50489299,俄佬Music
12905307,EINK
47059252,而生
32285964,Ellivensen
12002138,EK
12528597,Elyar Muhemmed
30546823,eMraN-0120
32220939,en
34802721,Evan亮亮
33912624,EA7
1039899,eliaqsopa
13081030,Ezmet Osman
12965194,恩俊
13296197,二狗村高富帅
13860204,鳄鱼也爱笑
34869985,EGM文乐
34317866,Elzat
52323513,Er嘉
35415750,Eli-Rozi
12472811,Ericlan
51942789,E.I.G
2847,Eric Kwok
5875,EB高梦博
28187794,Evan
28066912,Elham Muhemmed Ghafur
49749602,Yasin official
50221513,echoooo
48200892,Eliezer
53180530,二狗给我咬他
52633451,Eternity-ibSi
33496908,EMO
51211919,AnZar_4I7
13151409,恩甸大发
37621625,Erxat-Tayir
37009363,Ekko泽同
51921874,Francei-B
48571873,Ezhar-上海
53093752,Li二鸣
48039089,ㅤ
46628011,EastDon
37090318,Easy·Liu
37057004,Egir-KiliCh
12799373,EDT
12351222,惡靈鬼YTtwo
31153214,evil
52012480,俄才仁
47057837,Edit _CWRm
34371594,Emardan
12228820,Elsee
12605661,Eric Chen
53260746,Elyar Tursun
14119304,Erxat Muhemmet
27729834,Elijan mang lik | 艾力江·芒力科
2727,二文
12919510,Erbol
32591137,夜行双面猫
1214008,Emam Musajan
12350470,Ed Tom
34786637,Ellison
2714,EDIQ
12200210,二立
12508202,尔语
36703812,Eminniyaz Yusayin
37466450,Ea-426
49446254,ERTOU
36843309,Ebrayim_Music
34292951,Erkin Abdulla
49513323,EN route-T
35421388,Eliauk
1197173,恶童ETON
37409302,end.
12259259,诶嘿
13793119,E.PINE
54440237,尔耳尔尔
32210782,EvilJoker
52738207,恩主Enz.
32857501,elxat turgun
1043383,Elvins.J
34565038,Ev
33913584,恶魔宝贝
47508358,Edison-ETD
1213040,尔夏
30129420,贰捌乐队
865007,法老
2738,方大同
51613721,FIVESTAR
12338185,Franky弗兰奇
1199064,FOX胡天渝
12356808,范世錡
35726654,方续Cuz
12052056,Fi9江澈
34618850,Forest龙楠林
33002266,福合埕在逃牛肉丸
2747,费玉清
53756143,范本桐
36287667,FAKE
37191862,冯政FireDrippin
2739,方力申
13056442,范丞丞
34514416,浮笙
12477288,房子帆
34908208,菲道尔
32471164,FocusMusic
51088331,付思遥
54002225,Felix-zor
33612696,腹黑的老吴
1151021,傅许
12441087,范甲君
12213335,枫宇辰
34318841,FRESH_ye
52373484,CO1
29589167,發條
27694696,枫叶
30035218,费启鸣
12028291,伏仪
725039,冯允谦
1032016,风子
34490396,F-tidal night
1163007,方磊
29939584,FAC-D12
34136356,房大佬
36624133,放松纯音乐
53467495,返京的列车
34831178,浮生
48571712,付光瑞
30701925,樊棋
12476269,Funton
51170237,凤凰院零零
14018739,傅希如
34467736,忍者
48676451,浮生月夜寂
2743,费翔
956281,符家浚
53383121,福66
2802,肥宝
2749,范圣琦
35601325,锋锋
2816,冯绍峰
2768,付笛声
52975301,Friday
34859439,肥宅快乐雕 Phat Deal
2736,范逸臣
15064461,方宇杰
12235146,FAT TIGER
53623739,风月清凉
12172289,飞行少年
53643042,烦烦
32710473,方锴豪
37263591,封银沙
12199836,凡世Eros
37459332,冯大叔
1105059,方仔Rich John
46956087,樊小小明
53181109,樊十三
12022040,Fendighee Ricch
957020,冯佳界
48497533,风吹雨
13908567,FLuoRiTe
34246856,Fandy
12079166,Forwe兰斯
2742,方烱彬
34779368,凡凡凡凡凡音
29414956,FOMY
30545675,丰子凯Remix
15062518,Flashbabeboi
12373633,FatKan
33323923,风筝
47962360,中专说唱之神417
35147644,风月酒肆
32501130,范文夺
32888816,Fobo$
2753,冯德伦
48351725,发发
35880691,FAMA呀
13285683,Froggy
49194516,凤尾dj添仔
12198220,Fody
1081940,甫平
32046122,Fenrir洪
52557826,有补丁的帆船–
51560290,方长
31312481,Flash
12626429,Fan
2843,郭顶
2849,古巨基
12429072,隔壁老樊
12127362,GALI
1211046,GAI周延
33900743,高旭
12136078,葛东琪
12453329,功夫胖KungFuPen
1008034,鬼卞
1194094,孤矢
12760978,广东雨神
2842,光良
12027122,G2er
12479356,郭聪明
12498266,卦者灵风
33912265,Ghulamjan Yakup
12136042,光泽
12320819,龚明威
1199030,Ghulameli Ghupur
12050057,G.G张思源
12236269,高天佐Trouble.Z
13112541,Gibb-Z
12898527,顾帅Gs
13497261,谷江山
2987,郭一凡
31004867,光头华夏
31014634,GuiltLy
51210586,郭sir
2852,郭富城
12023517,宫阁
12119020,龚宏
2874,顾峰
1044203,郭旭
50274873,Yxg
27869677,gs.l（芙蓉区电击小子）
13080288,关大洲
49199445,歌者达达
13497197,高尔宣
53974416,郭医森
168010,葛林
51440158,顾晨木
2868,关喆
1198116,GalipWulam
32944030,Gareth.T
12056026,耿十三
768266,银河骑士GalaxyKnight
31338246,G H C
12627262,盖盖Nyan
49292401,过客
32971529,顾北笙
37265876,桂智
54152700,关小乔peace
1197136,郭斯
2922,郭德纲
2861,关楚耀
2959,根呷
32205993,高嘉朗
49136674,Graps
2879,关智斌
53685107,GO哥_Official
46508541,GUCCI Gift
12276854,根小八
34550347,郭锐
36392436,GASITE
13110690,顾北宸Becing
2848,郭峰
2963,高安
47293047,Gr33nart Beats
1177230,Gill Chang
34438222,隔壁大王
34894583,浇头玛奇朵
12312119,顾绍灿
32744777,关贺
34563444,孤风
52797784,Guihe_
2870,甘仕良
12158039,郭冠廷
12571129,郭子潇
32210847,国武
12361056,GhostFinal
48423409,GOLD
33779012,龟佬
2853,关正杰
2947,国蛋
13198802,孤妄
51360728,公磊
34494786,钢琴先森
37405807,AhmaTjan Sahra
12919042,GHK4THEWIN
30126425,GRK陈梓杰
12623935,Gray Planet
2863,高进
2856,高枫
54124493,顾湫风
11975240,郭俊辰
12158322,greyll
2862,龚一
47382533,GANGSTER
31806815,高松检
46816437,小顾
12631485,h3R3
861777,华晨宇
1019154,黄礼格
12286700,虎二
36985903,海洋Bo
3066,胡彦斌
28862362,火鸡
3064,胡歌
12065096,黄旭
3273,胡夏
36337566,HSHK
13007752,韩瞳
3086,海鸣威
12127184,贺仙人
3249,河图
31003906,胡期皓
12491709,HYPEEZY
33373401,handsome lau
3073,黄凯芹
33954709,HOPERUI
12084020,嘿人李逵Noisemakers
1177014,韩安旭
52118537,王大毛呀呀呀松小魔王
3071,郝云
47970976,Hasukio
53580229,后厂痴情组
12520634,灰澈
48982958,欢໌້ᮨ.
3058,后弦
14080256,hanji
3079,黄品源
12020036,Hea2t
53850045,欢喜哥
29148294,何屹繁
31615461,海伦
51130031,黑空
3072,韩磊
34230264,侯东Holdon
3084,洪卓立
52231651,黄盛禄QAQ
12874853,河北Ye
3348,回音哥
12853283,黄鲲
30001084,胡睿
1011192,黑羊
3421,黄勇
32780284,Haagen Dazs
12205486,黄钧泽
12085631,HEAT J
3093,黄征
34292072,Habar贝尔
12003183,HRBELIAL（贝利）
3063,黄义达
32537132,HEST
36080509,虎皮蛋
3081,胡伟立
12282733,黑崎子
13057497,黄明昊 (Justin)
33030905,红人馆馆长
12609062,灏灏灏仔
3118,黑龙
3082,黄安
49986799,三亚DJ龙仔
1160166,Hazritiali
3337,黄艺明
33989902,花欲燃
3154,洪荣宏
1049349,胡碧乔
52069353,何一恒
12912254,侯暄楠
36843294,会心疼我嘛
35789950,Halip oFFical
3059,黄霑
51539407,彭小羽
46998216,花房种鱼
12092260,黄硕N-Bomb
12360325,Heyo
12128446,黑呢
3307,晃儿
12286905,HHW
1006030,洪尘
1039121,哈布Ez
36862162,黑狐
3090,何炅
52592522,Halmurat-Abuduweli
34601236,Halip丨Music
12060042,黄恺
1025202,黄子韬
12282208,AT.H
33022385,不吃耳机嘘
3080,黄贯中
46356037,憨憨LR
3442,胡海泉
50765412,花子默
34206521,黄奶斯
12773144,韩沐伯
34418341,貳仙乔
30529246,贺峻霖
14119829,琥珀琴师Louis
34979191,好难
12121264,Ice Paper
13145283,ICE
51959578,IRXD7
27727342,IAN-T
11975111,ilem
28072581,ItsNoah
12623124,IDEA MUSIC
49339240,匿名网友
34575523,INK
51792832,7
31956066,ivan蛋挞
34965709,InnerSa
12146220,IIYC
34050894,I2090
33037476,Infinite Mask
33166500,IRON
53623690,神医
12027515,iKz
30285678,ilyas-abdugeni
13681619,I·D·C
49193309,Ilyas
34244844,izhar-Muhtar
47017837,INTO1周柯宇
13198218,Ice tear
33094943,iiiMinel
51992932,IME
12287088,iFreezy
33395969,IXHASTER
31762704,IZZI
34310947,iskender Semet
50691448,ILHAM.
13445517,iso punk
12001067,igoo2u
35304275,IZZO
33710972,IENDS
53182171,ICE IΔIOT
46507608,I9UCCI
1038374,iMoon
34351386,iski
30643468,IRIC
35655623,iozioz
52976114,Plan B
34436832,iRpan
51476123,ice x
33315839,IA BEAT
30892264,INTO1林墨
30003587,Icarus
34235867,Ice-
12372494,CHILYNOKIA
48931628,IMYeah
51370606,iphone
35784472,Interlink
51610261,iRxad
956418,InfiniteMusic
32696299,IANNE
46858424,XJ-依
49085552,Isolato
50736157,ICEBERG
12643745,Inogg
32499281,Iso7I
31341479,iceydroi
13197634,israfil
46587905,Inome
13284735,ismayil_ruzi
52304062,IMMO
48276885,ibrayim-music
31633639,INTO1伯远
36775765,IKAYKAI
30005187,IcEananas
13153541,IxKIYaR
30481802,IviR
32613561,Ice&Light
37343710,iForty Y
52972072,iPary小罗
50615463,Integration
29398303,ITSGUθY!1327
11987075,impossibleChuck
31656663,Imdeadkid
34787648,ImaSeven6ix
48719057,iloveu88
12079084,IDopeMusic
36706218,iskandarsemet
48497603,iiuww
51993170,Ink
37334467,ImGalaxy
32244952,Ice Bear
32852106,Ink渊
32264562,Ishiro
32209014,IKxXxxxx
49732228,iRay
51005149,igotfly
51755313,isss
36340934,iYas·Ali
53240868,戚文志
34235880,Trick Junkie
53100098,Icegxxse
12357686,ImpossibleStudio
51540054,Ike
33820339,In Love With Her
31339277,Insomnia伊索米亚
1198123,姜云升
784257,Jony J
12641765,江辰
12084229,焦迈奇
12085016,接个吻，开一枪
31253654,井胧
46360442,就是南方凯（项学凯）
5001,简弘亦
53852533,璟ISLAND
12002137,JSore
166014,金志文
32435240,璟轩
187010,J. Sheon
12471927,江皓南
12065179,Jannik
47078344,嘉琪先生
827163,金贵晟
32747810,Jvlin
1098154,JZlee
30480423,JINBAO
51705275,锦辰Music
3535,Jason Chen
13111159,姜铭杨
52587505,纪钧瀚 (Bryan Chi)
905426,金润吉
50765938,驹之心
50653542,REBORN
29740380,精彩最初
13451886,JinJiBeWater_隼
13793914,姜鹏Calm
1063007,居来提
12633617,精彩苏刚
3456,姜育恒
28085561,JZN
12156162,饺子
33070530,JERRYZ
12788788,景向谁依
13449630,吉野千夜
53098542,71snxx
27728309,J.well
46391066,工藤新一
12867837,Jalal Anwar
34373437,jiajia不熬夜
34290746,Jason(刘杏华)
13005262,JuggShots_RADI8
14077329,姜涵John Senco
12092433,JarStick
12059094,JAEFOREAL
47057297,九歌传说
34421545,九千七
34536329,记忆病人
35252466,JjIiHhAaNnGg
53409844,Jie
12287730,J.Boss
29148309,江映东
47384260,记得每天要说晚安
12027336,Jiaye
3452,蒋大为
12382128,王子健
12565605,金弦
27869312,江北
3521,姜洋
34228096,JojoChen的秋天
47191153,精彩鹤七
36181488,JAWLAN
30957760,J-Kay
12195913,Jady
3526,JR Fog
33001267,玖歌
52320183,今天忘吃酸辣粉
33480356,江迟同学
12426054,江源东
12166115,Jason.c
1038352,蒋敦豪
27694332,贾盛强
52297082,江酒酒
30547539,J.C.Zhou
34276571,阿桔
12118158,静sir
3453,蒋志光
37624037,JestonBeatz
12488044,贾昱
13113369,JD
49815523,巨鹿
34227389,贾天洋
53681851,海的烦心事
33430868,精彩周军
1106073,贾乃亮
1202004,姜创钢琴
52235749,叫什么航
30773842,JAMA
32438384,JumJum
51880759,旧凌
1047078,江南诚
15195858,锦鲤少年
12148098,卷粉
29596240,Jazzy
31436189,JAMMERC
34279473,金桔0RANG3
12146209,橘猫深巷
12788674,KEY.L刘聪
27868624,KnowKnow
30284835,枯木逢春
12024274,Kafe.Hu
30000975,空匪
13790589,坤木Joymo
12124013,俞天时KOZAY
32743623,肯迪仔
12780548,克然Eli
1047064,KBShinya
12193780,Kc
34247208,kinkis
12529780,KenRobb
12270301,KIPES
30707953,kKzk赵珂
12529648,KIV
30476442,可有道
28642672,kkluv
32513883,可爱冬
30134499,KOALA
35949591,轲轲睡不着
12956311,康树龙
30129089,Kamil Jelil
34407580,考其正
12194650,KT
34759573,Kryust
12063100,Kastilione
30226109,Kirara Magic
52734629,kexil
13974121,孔舒航
12797496,KRIK
862058,卡修Rui
1153020,KIGGA
29265708,侃迪kandi
3614,柯受良
12261311,柯镇恶
12193637,KWXZ
34329179,K2
27726814,酷盖不酷
12228683,KenZong
53212378,LIUXY-XY
14017279,KYS
12472959,KidNam索南
50328669,王云峰
53098636,Kgatu
3619,孔令奇
34563750,苦ferry
12147167,Kukey
48918817,柯柯柯啊
12256202,K kure
50625297,kokou
47790643,匡宇_Keny
32851767,康博文
12287986,孔柏森
5106,Keyso寿君超
32505351,Kz
12083634,King Loki
53544485,Koyoji
34039075,款冬
3627,康康
34797358,Kurban-Official
12365010,Kurbanjan-ImirHesen
13197605,KANG
50328906,岗坚巴藏歌
33900679,Kaptain
15193214,夏天
47331035,桃之助-Remix
33154311,koka
30128771,KEST
12493703,K ELEVEN
49395172,康宁
30704063,杨李航
1216023,开开（赵锴羿）
3617,柯有伦
47468971,珂珂无恙
46394947,Kahar-Waili
3623,康万生
37263650,Kurban_Official
1145064,kpasian柯普森
3622,康乔
3672,柯暮卿
12329423,KOOKDAVIDLOMAN
12072058,Keramjan MamatEli
53160277,k桀
12079097,kim23
32590291,Kyrie尹幸涵
37263416,Yong Music
34592004,Kami-Doon
12875343,Kukri
33699197,KAKA
33736091,K.E.K
30790805,罗凯元
32259254,卡布哩buli
30475296,ksovii
53818833,KLCC
13909010,KUAN
32431306,開膛手嚶嚶嚶
28071257,KENNYSURF
12200543,kurban-jean
36026819,困告
3684,林俊杰
4292,李荣浩
31165848,刘大壮
12277194,LBI利比
3699,李克勤
34500818,龍猛寺寬度
1060132,柳爽
12079066,Lil Jet
31668975,Lambert
15199791,林达浪
981141,伦桑
3691,刘德华
12030367,刘思达LOFTHESTAR
12798217,刘思鉴
3692,林志炫
3706,林子祥
13022016,廖俊涛
12293217,LEGGO
3683,李宗盛
166010,梁博
3695,李健
12606272,吕大叶
1038093,鹿晗
12291727,赖仔Morris
35518640,Lil E
12929031,李润祺
12359437,李常超 (Lao乾妈)
4130,李玉刚
30437391,戾格
12493781,Lil Ghost小鬼
33863232,罗言
3689,李玖哲
12079219,李佳隆
3705,李圣杰
3697,卢冠廷
3685,林宥嘉
3793,陆虎
3686,罗大佑
12349011,李学仕
3690,卢广仲
51957057,ljz329
12157298,刘炫廷
3722,梁汉文
12623251,老番茄
4084,林奕匡
30709091,林加弦-
46916426,刘楚
12168149,李宗锦（松紧先生）
12277473,李大奔_
37693627,刘可以
34563612,柳轻颂
12134076,梁老师Tsong
3701,黎明
187081,林晓峰
3702,林峯
3682,老狼
12227547,刘崇健
12308156,李冠霖
12570153,浪子康
30004770,李子豪(HtFR)
4171,刘昊霖
30406257,刘珉轩
32673826,刘森
4080,刘心
3698,罗文
33762221,lil MILK
14116394,鲁怀德
1197076,励阳
12564872,李铭辰
3694,罗志祥
932053,蓝波
12002017,柳戈
791331,刘梓炎
30595546,Lunhui（轮回）
3723,吕方
776875,刘宪华 (Henry)
893267,李琦
28072916,老虎歌皇
14072301,李寒
50799577,李晓阔
47237618,李巍V仔
12039173,李尔新
34203883,李家鑫
27729963,林力尧
12258204,林渝植Anoryz
37405569,刘家纬
31766277,LKF34
12027194,李棒棒Muti
32543188,卤蛋老师
4069,六哲
35602918,ewonjin
33276080,李大大
203041,林倛玉
34304060,李金源
12457105,李秉成
4188,刘佳
4469,刘凤瑶
33496397,路灰气球
12064019,连麻Swimming
30220303,Lil.Fred
12138269,毛不易
1132392,马思唯
188141,满舒克
31002901,MoreLearn 27
4479,MC HotDog 热狗
53340844,慢热的气球
13288861,马也_Crabbit
52404339,江峙
30704161,mac ova seas
32913327,某幻君
4592,马頔
32954608,沐泽
13609637,马良
1094010,摩登兄弟刘宇宁
6309,Mai
12919519,Matt吕彦良
12798308,马子林
826336,马雨阳
1049168,MuSik I
46476859,Mike 曾比特
12270575,孟凡明
29304235,Melo
12114094,马英伦
4483,麦浚龙
14925064,Mula Sakee
187903,Mc光光
12570017,Mominjan Ablikim
896927,莫西子诗
12395708,MT1990
37268030,MC 张天赋
1038238,Mario
12290091,Muzo
13497629,孟子坤
32536476,Salder4cash
31917276,Mengzi
12108762,Mc赵小涣
4552,毛华锋
12413,慕寒
12200580,谟西Mercy
32438340,M学长
33837719,穆傲寒
33135621,鸣小明
48985430,my
14118522,MoonVibe Beatz
34673676,Morello Malt
12085424,Prodby玉
12256230,M!$ter K
31085264,MaySeventeen
34514610,Mahmut Sulayman 穆罕莫德·苏来曼
4486,毛宁
12275142,MESHEL
1041122,Mr.岑
4569,麦振鸿
4489,MC仁
50647029,没胡子老爷爷
33936977,Mr.Joner
33420405,毛亦周
30703834,木亦舟
12520339,马嘉祺
29070146,Mei
13189949,妙影轻音阁
34361727,Mamatjan abay
49893090,Murphy
33909733,马泽龙
4481,满江
12198125,Mc高迪
32563670,Maple暖枫
1049174,慕斯の小乖
1132719,Mardan·omar
34534730,默笙
12275908,馒头ZouLiang
4485,马天宇
28633161,孟祥龙
14924514,墨雨晨
47075070,马二郎
34236176,Mr.Perman
32291850,MustangFord
48822021,MASD
12642721,梅新杨
34235911,M.E.T
4488,满文军
12357897,mok
13056459,木子洋
51169550,麋鹿先生
32956671,Mardan Bag Amat
52794282,马小马
46311394,MR_疯兔
52898054,美国作息
30128735,Mahmutjan Mamut麦合木提江
51212361,Moldar
50431187,蒙懵东懂
792162,M80
12282397,murat-musa
46275272,暮暮
12233014,Mc画师
1089210,MyT1aN
13415208,Max马俊
12154030,MC星辰
12563879,Mr Chip
35184045,Masta
12570417,那奇沃夫
34492596,南辰Music
31062035,chewie 甲甲甲！
12514278,那吾克热-NW
12037062,NaCho
12128251,逆时针向
34534332,NickTheWorld
50339451,余子林
32912271,Natsu团长
12264643,泥鳅Zinco
50532842,泥人
12271128,nevva
30894239,南风
49510642,娘子
990051,泥鳅Niko
51945551,N1ko.
34319195,nengcd
33428842,拿花负荷
46700507,Cc.
51818625,南忆
985227,南风ZJN
33420510,鸟森
53162037,宁治国
34532620,南橘ya
31181589,N.K.杨凯
12085694,诺言Jason
32758449,Nurmeme
50347755,努尔
34443524,Nutul
190349,NL不分
52632712,牛马
1205015,倪健
1074042,Noicybino
980113,宁桓宇
34436645,南柯一梦
52241117,你该如何定义我
14115271,Nijat-Rixat
47190107,南音Music
12328443,North
31312391,note
12079069,NinetyEight
4670,倪子冈
34596390,念宸
35510853,NS-EA7
12357233,闹闹丶
1139002,倪金威
51604454,YOUNG20021119-
35518762,NSG
34371920,Nur_Official
34208232,Nacyan
34436809,年少不川
12473023,Nasrulla Amat 乃斯肉拉
46668516,N_YR96
29597167,倪小义
31335870,南木卡
51083656,尼克
30953629,霓虹歌舞厅
12140507,Nisw
12563218,宁采臣丶在唱歌
34025882,Natsu.
28431948,南柯nanklo
52504916,聂宏斌
32464072,Fᴏʀɢᴇᴛ
13111296,NurxatAnwar
34355206,siick
1058125,N2V
50499024,無
48910991,不吃西红柿
12049020,Nurmuhammat Tursun
36194372,Nazar-FM
33390748,Nong_Music
209064,Nicholas Cheung
12382151,nightboitheflash
34550348,倪琰宸
46957088,Nahxa视频
46998220,妳豪
35421367,牛牛小朋友_PJZ
46357341,南宁DJ-LH
33396007,宁麓洛
53922160,南方的盛先生
51762926,南宁DJ阿聪
52788887,musajan-official
12465111,倪椤
12060064,NceS
36288991,NuRali abdursul
51560679,南瓜
12454157,倪宇
37012297,Nurbolat Abdullin
50976800,Noriチャ
30286068,Number
12127345,Naggy(A.K.A EnAce)
37122514,努力创作的小管Vocal
12770495,nothingexistence
13284137,Nugget
46627436,Nijat WaliYakup
53544878,你的阿飞
32543107,南絮歌
30783719,NLReborn
49391423,南寻Music
34055216,Nurshat Dilshat
12759030,OWEN欧阳子文
1204076,欧瑞SoulCore
12277342,Oce Fore张曦
31048722,Oliver Jiang
30958996,OSMANDJ
12286389,OneCandy
12547139,Ove
12271141,ODD陈思键
12507326,Oturans
34205050,Omarjan-Alim
53685081,李佳文
29397565,WAVEBOI444
4694,欧阳靖
4711,区瑞强
37001639,Osman Mamtimin
14021228,欧邦聪
30285305,吕富贵
31375397,OVEITSUK
12085036,ODE
12060060,OB03
4700,欧汉声
896460,欧豪
51001136,BLAC-KUDUS
46925314,Ocean Radio
35512489,欧阳杰(文古）
51535285,ai宝宝
12570150,OGTrevor
28642436,Osman-Okya
37052069,OneOne
48043747,Omar-Dawut
51993046,OneLamp
13151028,oneboi
46700705,DD Records
35290713,Omarile-约麦尔艾力
32912634,Oness
29394105,古灵
35421136,欧的陈
34562377,Original
12373873,OMZING
34290197,Oran_G 橙霸天
13110497,OliVerW
47256755,鬼脸z
4715,欧阳尚尚
34421402,ONENINE
4695,欧翠峰
12308092,OYRH
12782258,Oceanlee
1196073,OELoop
46441890,OYBAIQEWAG FM
12101190,欧林东东
30002995,OuYoung
12454783,欧阳仙笙
12174329,欧几
12256752,殴毙OBecruel
30953773,onestep slat
34235847,欧阳聪
12172597,oldliu
49317612,only苏坤杰
12028061,杨程Oran
34869240,Osmanjan-BaraT
12642936,onlooker
12568490,octopus 章鱼
30959686,OttoWu
34347425,Oranger橙汁糕
31508147,oceandrv
32676674,欧阳嘉奇
12003204,Orkaxjan Emar
12167214,欧小晨
31095168,One_Z
13037917,OA
31544086,Oscar Tao
46627893,otkash
51472300,欧文有我憨
34318621,ONES萬肆
47963234,OTK-Silence
12272278,Owane羽沙
12529492,Oroger
46495320,Øokami
33578683,Owen
54073781,Ragqus
32912527,Omen
35575309,O.J
48356650,oldstyle老派
35415913,OshAkati
51978150,One
12172155,OneFanki
53483506,OuttaWave
14608720,OLD NinE九哥
34780123,OneK
29271051,OC程潇
12271291,Ozu Snow 徐学人
12266282,欧阳鹏oyp
4691,Okna Tsahan Zam
12578959,欧阳潇枫
29393471,欧阳思浩
12770006,Ocd
49301033,orlog
49406895,OT小馒
34294505,Osmanjan
30225748,OUHBOY
4723,潘玮柏
32097566,PIggy
4721,朴树
29303235,PSY.P
12083497,PO8
46717748,Pnan
4726,Pianoboy高至豪
12083175,排骨教主
12119618,派克特（PACT）
12038065,拼音师
4755,品冠
12443292,朴冉
33059168,皮卡丘多多
12140265,彭非凡Ghost
33910887,皮皮爱习题
33284852,浦东老农民
30233584,盼你温柔
11974049,鹏泊
33696745,Pigeon鸽歌
33735944,庞龙
47702431,Pencil-S
34514656,帕特龙
12406366,Paul Liu
51095089,品冠儿子Jayden
1041119,Pahirdin
30960989,Pam_dinosaur
36772585,weloveminz
1050465,Panta.Q 郭曲
46630571,皮皮虾
52026151,杨树人
34564983,盼钰
1046460,潘广益
31565057,Platix_Zhang
34326900,Perwaz
1047180,潘松和
33995344,Pt.Zou
1024310,帕尔哈提
13701182,Pyb
46499788,Pink rose
12633236,P.O.E
14587783,PRC Mission
4777,平安
35877966,Pocky百醇
48129080,痞乐
12037292,Person
15063609,PRC HT
12319383,胖胖胖
47130971,P1NK9INE
54240393,彭蕤蕊
13520444,蒲洛纳ProN4c Beatz
4728,彭健新
1198024,破碎乐队
50149263,派派ovolk
46356747,Punkey
50736338,光Remix
30710183,潘韬Pandos
12025425,Phigma
37335750,皮吉
33907333,Pakway
49320488,Ply Bingo
32125708,Pinky
47914391,鹏鹏宇
53680562,彭忠豪
35654284,普信主义
29392387,破烂神
46705822,Patryk X
12701513,Parion圆周率
1049684,彭飞
34497633,平潭DJ大街
28071824,Perhat Gheni
33709975,PC.
4731,潘安邦
12495732,PY E
36341115,Pank
54152485,PathdarX
33425353,PuffNoCap
49689984,泡芙不掉队
50647045,盼等桃花开
32499917,Pyto翁凡洲
34954556,皮德
32915738,ParHat-ObulHasan
54454307,彭苒蕊
49023497,蒲熠星
31372925,彭柏德
53622046,胖胖不胖
34636742,PigZ
12394078,Panda.G
12256195,破晓
34536564,螃蟹真疼
12346587,PhaseSecond
50644426,皮卡丘不慌
34422222,PandaKING
1178287,派伟俊
36240436,Polaranica
36857334,pooo
34819863,PowerM
12195157,Popeye明少
36651461,破茧成蝶BUTTERFLY
4764,潘柯夫
12156298,P-TYANG
31002807,七叔-叶泽浩
4873,奇然
34821019,祁闻冥轩
37342266,起风等花落
4813,齐秦
12538467,千里狗
817039,乔佳旭
1159045,齐一
12287780,前男友
12038239,裘德
12079231,邱有句
31255686,巧乐兹
53681338,阡灵均
34663712,仇远旭
36562889,七月的星期七
12118230,钱正昊
36930780,秋末星河
48284232,清野
34440087,七结音
30707481,秦Sir
52402276,秦嘉宇
4831,乔洋
4863,齐晨
31675365,祁念
32743358,恰空PurrLude
36090255,青云万里
12899524,hansqiqiqi
48806664,晴茗
53798461,琪忧思
33578864,柒佰
30223925,恰见明月栖山
1071024,前冲
12904832,荨麻疹
12264753,圈同学
35604270,仇子健Z.Jet
52800652,情字何解
46276314,大火车
4833,祁隆
12525569,乔杉
48424018,青米次仁
34516670,钱逸轩
12775210,秦奋
4793,乔任梁
1043222,秋野
12279998,邱振哲
52636824,权
13860299,青沨
51209806,情绪逃离计划
187088,钱嘉乐
48860363,气质隆Sir
187624,Q.luv
28867655,千凛
12287626,清晨大攀
13197170,仇志
12228845,曲贺
1195087,秋风MusiX
53178005,秋语
15199403,奇诺
14857181,情词尧
47557900,钱多多
28420035,Qeyserrozi
50430792,秦雁回
52140138,七凉
12058024,钱晨航
13429295,浅堤
51613843,李霖森
49594856,七十二時
12769203,青峰AomineDaiky
36520025,秦晓疯
12205140,青柠工作室
31932152,Qemirdin Tursun
12092424,邱靓云（大邱）
12085535,秦小站
33149493,青海龙泽
32527716,秦霄贤
12919472,Qeyser-Bextiyar
34467774,柒月的石榴
34444334,麒杰
33744334,Qperkz
981008,邱比 CHOVBE
12226197,青尢
33045558,千歳Yosa
33914868,琴师
12266262,青盏
37098280,鹊鹊
1063018,浅蓝
34597979,千万般遗憾
916042,邱锋泽
46655932,启城
32463567,橘.子
34595927,权宇川
203453,渠成
37514999,秋大清
4809,齐旦布
36022451,青椒
31790957,祺明
35726428,清殷
47381076,漆原くん
46444073,邱森
12001011,秦晨阳
4895,任贤齐
12120652,Rays陈袁
33603673,如懿
30796325,royster lee
32993871,Reyimjan-Abdukeyum
12053410,任子墨
47292290,日大帅
12002065,Rangsiz
4923,任书怀
51088302,REGRET
50982424,任恒宇
1044054,R7CKY
46998824,若风Music
30701525,热水澡
46273988,Rustam 330
47823716,Right
49407068,romantic
32897934,READON
12460520,Realzat
12319437,Ranzer
33582991,Rui
12432542,Ricky Krystal
37342327,Rock-刀客
12113223,RAPPER32
12605071,Reggie Yang
33804419,Rena-Mijit
34230515,热爱与坚持
996336,人衣大人
35884142,Radio～Music
33166904,RiYaL
46559027,Rozi Ezizi
13010029,Raychen
48571399,Reignes
32009365,热浪
1110009,RIYAT.YUSUP热亚提
31439800,Rozijan Erkin
28416542,RRealnin
12350853,Red K
35422431,RAGSIZ
51620195,Reallz
34787931,REDRUM MUSIC
48138963,R̶ᴇ̶ɢ̶ʀ̶ᴇ̶ᴛ̶.
46500093,Raxidin KurBan
34515549,RuzeOfficial
13109231,R.S.H
1038361,Roh
49229629,热爱.
1049065,任永恒
52632384,ROYYNN
12274111,任嘉伦
36129798,Roze musice
34514965,瑞恩船长
12787596,RedXxxxxx
1158159,Rux
13608201,仁增太
31050691,RAVIL
49135339,如何定义我
1081483,BiL4L
34582525,扰心
51255401,日落大道
12355767,饶威
894015,任鲁豫
49306224,Ricky
50886522,Roespsx
13284206,RXNIN
12198857,Rinat - Hamit
49287599,Ruzijan
30126856,Rewind Top Shelf NCS
1015114,任东
49608954,热心市民小叔
12490693,Rich Dragon
50739936,任纪红
12479654,茹失
36020466,realWILD30
48991377,Robert
12038142,Rozi Lohman
54075300,人造人
13296326,REFTAR
36780693,REDDFOXX
12527527,瑞泽恩
12277282,Ranhot
533062,陈锐
15061448,RoadS1de
48675016,Remind
32931970,RICH DARK
4896,戎祥
29026548,RONIN.J
4883,容中尔甲
12085577,若雾
33996146,RICE
32892951,Relimax
52229240,Rain
13413017,RincolF
51138782,日落
36564789,rahmanjan awut ozhal
4901,饶天亮
12480860,任展成Allen
12084674,戎一Neo
48435496,任振宇
30005122,瑞歌
12002248,沈以诚
12395355,盛哲
36772893,Starling8
29392693,邵帅
31561897,沙一汀EL
12605500,盛宇D-SHINE
49044240,Strictlyviolin荀博
1132749,Shang
30950035,Seto
12275767,step.jad依加
13608761,尚士达
31165717,三块木头
12276665,Swang多雷
12079128,苏玮
34209078,sea蕊
34301293,是你的垚
1146106,苏琛
52740609,SongLong
13027202,杀不死Subs
4941,孙楠
1178207,沈谧仁
12206070,Swei水
33871780,Sapling
14117457,SASIOVERLXRD
34230619,Santa_SA
12270985,十七草
5039,石进
53545522,十三春
33942394,Stake
33047183,SunnaLu
1044144,三亩地
34055135,Spylent
46637597,孙灵乔
4947,孙耀威
12071015,SeanT肖恩恩
34256885,守夜冠军专用证
13699766,尚辰
12853123,苏克
52149688,swagger
12140048,Saber梁维嘉
12028162,Sirkul
33797031,sunkis 宋秉勤
34260597,睡不饱的老笨蛋
31058553,SipSu小口酥
4959,誓言
33913095,KIND
33498017,苏天伦
47837001,苏亦洋
27906095,苏靖凯
15195501,SUIYU
34368867,深水29
12121087,宋宇宁
51468844,Lin7
4938,苏醒
4948,苏永康
1165056,Smelly D
797087,Smile_小千
12316085,宋亚轩
30710142,山K
37190832,SORROW
46269147,时空储蓄罐
12444509,三智才让
13153900,Sarkar
34591345,苏玮玮
31716441,赛文
1047248,少年霜
51983135,桑上延念
30110421,SoulFa 灵魂沙发
49511640,神明的情诗
35716952,苏泽
49754740,苏小克
1185054,尚先生
37335032,申千沭
12052064,Snigellin
31495403,蘇山海
13796823,Sleepy Cat
28071352,Sakee云雾
34377076,是阿呆ma
36512606,阿菲
12021027,十指流玉
13149356,Shining
31573078,三佰东主
47058525,苏天伦
34814176,SHIER
12275389,沈虫虫
12001209,SanJin
12099108,司徒骏文
48276809,韶程
52241609,sn1b4
12206511,水墨流苏
1145036,尚东峰
29590946,苏白睡醒啦
839689,SAM
32719273,喪甜老爹
4942,沙宝亮
1041026,沙皮
12237601,宋立伟
33098238,时年
49103699,S.Y.M.秦伟棋
12874496,苏世超
1204010,Tizzy T
5196,陶喆
5205,谭咏麟
12268138,桃德李Todd Li
12156137,太一
1086078,Ty.
12110173,thomeboydontkill
12324449,TC
12183619,Todd Malone
12931942,田羽生
30475641,藤竹京
5200,屠洪刚
5199,邰正宵
32827173,TwoP
1155005,Terry Zhong 钟天利
36929523,陶江平
13447096,田由甲
12495253,THT
5198,腾格尔
12275698,TozziyTheHellBoy
51128336,Track
5197,童安格
12185042,特曼
52883401,TaJuHa
32276852,听风人
5206,唐磊
31669610,唐小力
13152751,Tphunk
28611837,田新宇
34402323,陶孟童
12967449,TangoZ
1039199,檀健次
34326822,Tlatre特雷西
1087592,唐汉霄
31335944,特污兔
52568693,天蝎熊仔
12639269,糖醋排骨
33573194,驼儿
51951361,TF家族-苏新皓
787107,陶峻汐
37199140,ThrewSea抛海
35878040,Tapboy
1050510,TSAR
36459079,TTTTTeehom
34145969,太陽無限
35512695,Toni
30437486,foseluv
51002729,藤原川
30711458,TK黑皮
34041050,T.Yee
5246,田一龙
51169523,就是南方森
32935677,Takuau
12052030,谭联耀
53113593,TF家族-张峻豪
5195,Tank
12403048,TF家族-张泽禹
51360764,田雨
51255959,Time
12769474,涂征
32543182,滕帅耶
35946159,疼爱歌曲-维吾尔伴奏
1043093,Toy王奕
30183146,Toregali Toreali
37699349,汤汤汤圆子
12870490,Toryondacloud
31057343,她说小胖
12604740,TØm
35883064,abdrxt
28292170,TvKulkiwaz
5203,汤潮
36288270,Trakin(T酱(*°∀°))
33029547,唐宋
35424322,Tursunjan ☞official
50736848,唐宇凡
53113578,TF家族-左航
35141831,Rocars
53049034,TF家族-朱志鑫
31447671,T3BEATS
52416861,TF家族-张极
28073384,TLK天翔
28611978,Tyson Yoshi
29026679,TheFEEX凯撒
37127959,Tino
46503486,腾金涛
50274315,TOKBINL
33135464,碳酸男孩
5207,泰迪罗宾
52883484,TO1nx.
12789336,土人儿TRE
12283168,TurtleDove斑鸠
12351071,秃子2z
1196066,Shah
37002554,TV_nurali
30294606,T.G.
36284311,TV Rahman
12701739,陶玖
52551653,QiSmiR
13112263,TingleM
48643470,Lucky little
12184584,Uri
33871594,UM
12328955,Udigg
12039084,ULY
46921476,Uzzy
47451852,UyMusic6-19
12968256,Ugly Z
12112100,UmzBeatz
51295351,uuml
35884661,UncleP
34390370,Uniko姜宁
12120673,UltraV
51128998,umutjan
1049990,Upuk
12064164,URUUT
51444982,uii_D
1087265,Umvt
37130024,urso宇泽
12337273,U-YOUNG廖思扬
46315245,UWK_UWK
30949785,urso宇泽
12126343,Unity
31008248,Un
48988656,Universal
35789903,Undgerground WHRTIZ
46999710,UD
13285329,ucantbelikeboolit
46958940,UNEEK
50206927,unicorn
32946885,usonofbiscuit
30961396,UND
33261664,Uncle Han
50788160,UzRain_27
13537048,U.C.O.K
34519792,UberCracker
12174393,ucantbeliketako
12329470,UFO乐队
1050440,Uranus
53544839,u！ing
49986320,Uuulee
48496953,umar
53362207,Ubulkasim Ghujaxim
12139359,UMMEHP
46627352,Undermilly
31087388,ULTRA
49771546,UMaR Rmix
50841662,umut8ay
1204019,umutjan.muhtar
12498531,UG
30224202,Uncle Damn
50000776,Unicorn
34673531,UnderStan
49747663,y
36247490,Umutjan Yakup
12318473,URBG
31439580,Umut_Alim
15060593,Uke-周星星
33735569,UNDASH
12552565,Uzi Montana
12490002,U.hao
37090376,UEDO
32980978,URBOIWHELAN
51818944,Umid-Music
13029769,UK
34870139,NINJA_A
12038210,UraniumW
36336572,umak-xum3
49510280,Tonight
34397011,Unique4da
34402543,uMuT TuRsUN
12386570,Uncle周
34366352,Urumchillningoghli
12336534,Unusual.怪人
49985845,Uriah-X
50933217,小宇
34534823,123
53091523,URan
34420361,uikd
33937355,Un Ben
12288009,LLzz
36567475,uMuT-Ali
36927445,US Gangsta
12015010,UncleWang
33907844,UnI
30910566,UnbalancedCat
13286296,UKNOW郝焦逸戈
49287829,Umut-Ajim
50664512,Uic
48128670,UmuD-Uuu
48768490,Ump9
13038273,UncleZeE源治
37198477,UzMusic
48859260,owo
47294665,Umutwar-Mahmut
37053193,utopia.kid
51867750,Uy阿斗
51792949,UNdder
33136161,Unluxuryy
50339268,ukasu
34373442,Uygur Nahxa
47607557,Ping
52242197,v7777777
28185203,Victor☆
12126098,Vk
31576180,Vonjee
5342,V.K克
13005039,V.O.B
1049083,VESK GREEN 青菜
46669102,Vicky 黎偉棋
12265481,Vyan
32511105,Vəli Музыка
31012497,vank_顽客
12288138,Vanished
32718059,Vicious
12258027,VintaGe
12317299,Vsun
48853047,VZEUS
28413428,iok
789949,VISUDY
50221309,Veevn
12553434,Vayk浪味仙
34978249,visattacking
37509799,Vietnam
35009085,Vansdaddy
52340580,三无先森
13200778,Vex
53561953,Vv
52800445,Vusx
36399473,风烟重渡你丶
37255978,V7d
51251860,Vk饿皇Music
12026632,Vichede
32913311,Vapor
12078190,VanKu杰
12259376,Vaniah维
31086016,Vico
33021526,Vinke VK
29392634,Veezy
1058065,VILLAX
34783306,酒酿大圆子
14101634,VOGUE 5
12529644,VeetaCrush
14318919,VC°
35247876,Victor-Tk
52881160,Soda Mint
30477191,VECKE不一般
36181871,VaRis~
12174550,Viruses.Z
33913607,vampoleez
12953116,vvciaga
53684144,Vcii_Juice
12156128,Ving张宁
34922654,VVSGANG
32889219,VESRIX
12405199,VaporRabbit（蒸汽兔子）
33851006,Vital维他
36020515,Crane
48541884,VVS MUSIC
46441160,VINSON WU
49199549,VKERS
15060284,VERY
30785440,Villainlee李俊豪
12307226,Valo
1031044,VillianmX新
13524522,Villain
35425699,Vanpen彭威
53568920,Vio
27865641,Van7
33985146,Vin
12195995,V1skey
1078078,vDJs
52085968,VRin然
12038062,VIC田麒琛
34326507,Vt.
35067815,Vo
36516628,Voco
12345209,VO大自然
47381393,Viitomatic
51974996,Vizmaker
50782806,Vthree
36191296,viiico
48984307,vvb
50434590,Vpy
35033221,V1nce77
12028228,Vfdby
48723169,Vip314
36129468,Veng
49045149,DJVERKI
47914630,V1
12580736,Vj.9
12481977,VPS
34335311,Vinci2003
34742999,VET
32505623,VIKsauce
51000927,小火龙爱吃烤肉
46312382,Viy
35133774,VAIIENG威鷹
50522350,FZFM
46958590,VICO$
51528824,B Y R J D 77
12236125,王以太
5538,汪苏泷
32399227,王巨星
13112601,Wiz_H张子豪
47091532,王赫野
34357551,吴炳文Cookie
1039296,王朝
5358,王杰
1083118,王嘉尔
5346,王力宏
32571955,WiFi歪歪
12904290,王恩信Est
12787752,文夫
12494240,王子明
5354,伍佰
29069586,王小帅
33736021,WYAN王毓千
187229,吴青峰
12091048,王泽科
5349,魏晨
5379,韦礼安
33138919,吴大文
12127740,王天阳
1047237,五音Jw
999220,王俊凯
5347,汪峰
5568,Winky诗
5350,吴克群
13451881,王乐蔚
5427,王强
956386,王源
13008205,吴子健REmi
28083340,王北车
32043441,万豹
1151001,未来星B3Rich
30220836,王宗介
12122236,翁梓铭
33781694,王忻辰
966016,吾恩
1158111,魏小然
34576527,温睿杰
53481100,吴成亮
5518,王铮亮
13285729,王嘉懿
12139151,王瀚哲 (中国BOY)
53721484,烂尾的小说故事
1197082,文武贝
48643904,Waymon
12871618,王一博
32026067,无忧
5359,巫启贤
1023010,魏小涵
30627660,王加一
5357,伍思凯
31154649,王梦瑶
47192049,王贺Ares
29414261,王玖
36238768,WeiMUSIQUE
47913980,王天保
12557143,Well威尔
5431,王绎龙
12007112,王宇良
34512471,温柔的才Music.
13058502,王子异
1058098,王晰
12957090,网易云音乐校园
12127154,吴海啸Tsunami
5539,瓦其依合
12552187,王以诺
12488150,雾都L4WUDU
5499,王艺翔
5360,吴宗宪
30691223,蛙腩
46632124,文文
12320060,王齐铭WatchMe
12350895,我不理智
32297605,无乐
5375,王梦麟
33440585,王唯灿
30600219,万能日记
1181154,吾尊
32563314,王浩
13447335,王展鹏
35949435,王梓琪
12433042,WILLIM缪维霖
12605278,wweimm
5356,吴奇隆
49238972,红人馆黑男孩
12462214,王鹤棣
34469478,王同学Able
32628542,王英涛
5678,五色石南叶
35272379,王富贵
1063066,文劲松
1038388,王利夫
827615,王博文
13155607,亡海Aries
12144105,魏大勋
794040,W.K.
34381829,文靖渊
5781,薛之谦
5771,许嵩
31309410,XMASwu(吴骜)
1197168,徐秉龙
12852319,小田音乐社
5770,许巍
30646978,小包Zerinn
30616479,小咪
5929,徐良
5768,萧敬腾
34035556,小乐哥（王唯乐）
31310684,xxxmiracle
12287129,小精灵
1132127,萧忆情Alex
5944,夏天Alex
50274855,想你了呗
32244736,徐梓淳
53161134,新旭
5782,许冠杰
847107,谢帝
31186562,小好14
34579517,胥睿
1115075,西瓜JUN
12450235,小来
5786,徐誉滕
31760809,向文涛
1047088,小魂
33772751,许光汉
5773,谢霆锋
49232811,xH2
33613493,小叶同学
1142042,徐梦圆
12094099,徐真真
1124093,西奥Sio
12490212,幸子小姐拜托了
47467835,祥嘞嘞
5787,许志安
31366729,徐骁宇DEAN K
1083049,夏小虎
34196581,轩东
12977618,小阿枫
5774,萧煌奇
1138004,晓月老板
1035021,许一鸣
5769,信
1178126,小洲
5997,小曲儿
5767,谢天笑
12133084,徐远书
49092127,小猪才睡觉
12206205,夏之禹
33571978,夏艺韩
1049020,谢旦
37456747,小新
35083022,夕阳
32430218,民浩
5897,谢天华
50264290,心动
52404359,Alexanbra
28071637,薛飞superman
29230429,费尔倪多
34096555,许DaTou
14102927,向洋Nathan Hartono
51853752,小陈哎
52050791,西西pot
13972109,肖战
31796235,辛辛君
813196,许镜清
12032345,徐深
12357157,新秀
12328079,弦小皑
53563086,诗忆
33165906,心动iu
5793,小沈阳
12119654,小肆
12463279,肖和东
34096366,熊宇赫
35234427,徐一零
12475601,徐天意
1046333,小少焱
51130229,XxMs.
28066319,xohrataysa
32436299,徐17
12194600,小坠
790044,小峰峰（陈峰）
1047348,西瓜Kune
36137371,许温酒
31436973,夏苏烦
51498189,XiaoF
47967482,新干Cc
12547195,XIKINIE
35082957,小蜗
31003444,熊同学
1195036,小海
12099063,小安迪LilAndy
1143074,小鱼儿YT
12869694,霄磊
12199576,小青龙
5785,谢军
12219072,绪尘
31376161,颜人中
33435854,要不要买菜
49937403,烟(许佳豪)
1079074,余佳运
13899303,杨和苏KeyNG
6066,杨宗纬
12448205,永彬Ryan.B
13058503,尤长靖
27909602,姚六一
34050998,于佰万
12490553,YangYang
12083570,YKEY
12094419,羽肿
34375061,Youngior
6075,庾澄庆
6071,杨培安
939088,易烊千玺
12287611,野生三十
1021160,烟把儿
12195296,YOUNG13DBABY
12662696,瑀辰不嗣音
28868804,寅子
36030189,鱼多余
54298732,⁵²° 顾七愿
30395569,杨秋儒
12037117,YOUNG
6290,音频怪物
12256364,Young 7
36858194,叶凡凡
15060490,野区歌神
6211,幼稚园杀手
31569986,Yusup Sahra
6076,俞灏明
47971485,鸢北
49731078,YUN小林
13790637,岩贵
31313408,野夫子
48196977,杨杨哥哥
34375054,一叶
1050364,Yee
6443,印能法师
12328750,YM牧童
6070,游鸿明
6068,杨坤
37343079,YTH Chopie
12291958,扬科YANGK
30643954,耀司匹林
12769031,姚智鑫
975714,叶洛洛
6090,杨瑞代
46359311,于懿
12641107,阳山伟伟
6085,阎维文
14118414,好好（张轩睿）
12259382,闫泽欢
1047065,佑可猫
52968751,躲雨
1050069,杨昊东
29831514,严浩翔
12092172,易者连消醉清酒
4621,闫东炜
4903,尧十三
956206,岳云鹏
1024313,余枫
12441085,杨旭
31056139,于浩y
35332784,月尘
13612605,尹东星
12571508,杨世贸
33914426,夜难熬吗
29961285,易言
34256711,鱼翅Fin
6098,叶启田
33619108,耀温顺
35719713,余奥成Ace
6126,余天
50149635,yutuu
12324493,一泽万Easyone
46524407,叶师傅
31994412,因你而在的梦
12405803,诠UN1K
6091,宇桐非
34270068,杨依贤
6100,余文乐
33299209,奕南
6079,言承旭
49094501,小阳崽
54381792,袁金宝
33885397,YELLOW黃宣
6231,姚政
12318046,愚月FoolMoon
13448100,一只影子YZYZ
34204530,宇翊
34597810,一北玖
6092,亚东
34601288,叶恨水
6107,易欣
30126664,羊仔
1158147,尧顺宇
32975110,YX
6452,周杰伦
6472,张杰
6460,张学友
1030001,周深
6731,赵雷
980025,周兴哲
6453,张震岳
6457,张国荣
6479,周柏豪
6454,张信哲
47192128,早安
29051613,郑润泽
6469,张宇
6456,周华健
6652,周传雄
1038040,赵紫骅
6462,张敬轩
6473,郑中基
13906123,张紫豪
12699514,张小伙
32066228,张家旺
13447522,Zic子晨
33067587,ZAVIS
6491,郑伊健
6487,张智霖
46332130,朱添泽
12138252,张雪飞
12002056,张小九
6468,郑智化
6495,钟镇涛
6459,张雨生
50610516,周政
28633062,张泽熙
12052034,昼夜
990177,赵海洋
6697,张淇
6681,张翰
13196705,趙家豪gary
1132738,张磊
12369107,朱兴东
12091077,张彬彬
1085116,张希
54152637,郑杰强
52076704,张萧介
46361128,赵俊飞
46827935,张大帅
33850620,周公
31287451,赵品霖
30703119,郑浩Z-Hao
1032247,赵钶
33371675,张天枢
1047015,张艺兴
6458,郑钧
13795045,郑杰伦
50625910,赵允哲
166016,张赫宣
35190444,曾抖抖
6464,张卫健
32479403,张伦亮
6730,周汤豪
46278293,真瑞
12057021,朱彦安
6463,赵传
6480,张栋梁
49439422,左飞
32676034,ZHANG JUN（张俊）
33603866,赵大鼾
32846313,赵砚卿
12117068,張子铭
6729,赵照
48677280,张小兜
32511525,泽亦龙
12059074,周林
33915432,钟棋煜
6891,赵英俊
53429107,朱旭BooBoo
50736273,抓不住的风
51969651,张叔公emo了
15200968,直火帮XZT
6483,赵鹏
171008,朱梓骁
53604849,zack赵云卓
10695,张远
28632557,张星特
34248915,泽pp
34663462,赵飞机
12304366,张天奕ZTYick
35416543,赵俊铭
1049983,张一山
1047317,张卫
12120150,朱星杰
30891458,在忠
12138019,张德帅Sway
52237919,风
30780723,周大发
12077120,周童
6467,左小祖咒
54211576,正義老羊
6455,张楚
6498,郑少秋
32897995,7copy
12954319,-艾兜
31250400,#0000FF
12782624,4D
28420071,舵
37444918,魔动闪霸
47962768,川
29812222,朱云龙
31287463,苟晨浩宇
12643355,947.ASH
29938303,桶
15060505,89DX
13286745,еяхат музыка
34097618,劉
53018550,盲
32505436,小恶魔
31763792,24Buck
33613415,訫
12553076,眠
49346181,泷
32099752,30年前，50年后
35724488,каᴅiʀ музыка
51705957,3rq
37121578,7iis
130149,69
13500447,ØZI
30906356,十三叔
37115071,饭卡
37550745,-Gwen
50928738,彡
12464050,4_Chords
13413199,韩泪玉
33305848,.Laom
28411430,3FAD倪子涛
30648241,10Yil
12328829,6＆9
52814019,周亦周
36456378,Ариф
12204164,ɴᴏᴛʜɪɴɢ.
53998726,楷
52253444,ElHaM Official
13132656,71
37621718,⁺Treesmooth⁺
36621564,мардан муталипзаев
37099339,瘪
53704535,钰
52264790,丰
12782871,$唐老师
47694311,抑
46503593,梦卿兮
13200392,DANNY K
48356029,8MUZ
977173,3Bangz
34492830,西
12606242,8bite
52893279,易
34494746,АуылBoy
48676860,涵
35252293,Уйгурская музыка
32435421,17ondatrack
30956795,16000
36344105,_E
34054576,00Spike
36192183,Αδ
34783749,7evens
13197756,鲤
33238245,97Christopher
33914291,星ノ谷羽霗
53360483,State
37675238,9OVE
33620238,湫
208391,7JZ
12351258,88LIEN
50999368,7VUY
30955822,埃莱克ilike
12200178,21st Century Schizoid Man
37592390,………
33135441,Ryo月笹舟
49044014,E
47130549,舒
52342050,549.
50258611,阳
48641842,吴
32929724,5音
12256834,薛之论
37184442,Hijazi
52028553,昱
13611855,10Ri
12177079,7Grams
31247633,大欢
48496989,落花雨
12118211,-Jason嘉-
47910705,♡
12199678,丸
12128358,177
13528284,10keys beats
32187943,3jins
53257287,7LH
30956496,3rdPower
48821581,我
